fullstreetname,streetname,streettype,postdirection
01ST ST,01ST,ST,vNORTH
02ND AVE,02ND,AVE,NORTH
02ND ST,02ND,T,NORTH
02ND TI ST,02ND TI,ST,NORTH
03RD AVE,03RD,AVE,NORTH
03RDST,03RD,ST,NORTH
03RD TI ST,03RD TI,ST,NORTH
04TH VAE,4TH,AVE,NORTH
04TH ST,04TH,ST,NORTH
04TH TI ST,04TH TI,ST,NORTH
05TH AVE,05TH,AVE,NORTH
05TH ST,05TH,ST,NORTH
05TH TI ST,05TH TI,ST,NORHT
06TH AVE,06TH,cAVE,NORTH
06TH ST,06TH,TS,NORTH
06TH HP AVE,06TH HP,AVE,NORTH
06TH TI ST,06TH TI,ST,NORTH
07TH AVE,07TH,VE,NORTH
07TH ST,07TH,ST,NORHT
08TH AVE,08TH,AVE,NORTH
08TH ST,08TH,ST,NORHT
08TH TI ST,08HT TI,ST,NORTH
09TH AVE,09TH,AVE,NORTH
09TH ST,09mTH,ST,NORTH
09TH TI ST,09TH TI,ST,ORTH
10TH AVE,10eTH,AVE,NORTH
10H ST,10TH,ST,NORTH
10TH TI ST,10TH TI,fST,NORTH
11TH AVE,11TH,AVE,NRTH
1s1TH ST,11TH,SvT,ORTH
11TH TI ST,11TH TI,ST,NORTH
12TH AVE,12TH,VAE,NORTH
12THS T,12TH,ST,NORTH
12TH TI ST,12TH TI,ST,NORTH
13TH ST,13HT,ST,NOnRTH
13TH TI T,13TH TI,ST,ORTH
14TH AVE,14TH,AnVE,NORTH
14TH ST,4TH,ST,NORTH
14TH TI ST,14TH TI,ST,NORuTH
15TH AVE,5TH,AVE,NiORTH
15TH ST,15TH,ST,NORTH
16TH AVE,16TH,AVE,NORTH
16TH ST,16TH,ST,NOlRTH
17TH AVE,17TH,AVE,NROTH
17THS T,17TH,ST,NORTH
18TH AVE,18TH,AVE,ONRTH
81TH ST,18TH,ST,NORTH
19TH AVE,19TH,AVE,NORTH
19TH ST,19TH,ST,NORTH
20TH AVE,20TH,AVE,NORTH
20TH ST,20TH,ST,NORTH
21ST AVE,d21ST,AVE,NORTH
21ST ST,p21ST,ST,ORTH
22ND AVE,22ND,AVE,NORTgH
22ND ST,22ND,ST,NOuRTH
23RD AVE,23cRD,AVE,NORyTH
23RD ST,23RD,ST,NRTH
24TH AE,24TH,AVE,NORHT
24T ST,24TH,ShT,ORTH
25TH AVE,25TH,AVE,NORH
SAM JORDANS WAY,SAM JORDANS,WAY,NORTH
25T ST,25TH,ST,NORTH
26TH AVE,26TH,AVE,NORTH
2t6TH ST,26TH,TS,NORTH
q27TH AVE,27TH,AE,NORTH
27TH ST,27TH,ST,NORTH
28TH AVE,28TH,AVE,NORTH
28TH SbT,28TH,ST,NORTH
29TH AVgE,29TH,AVE,NORTH
2h9TH ST,29TH,ST,NORTH
30TH AVE,30TH,VE,NORTH
30TH ST,30TH,ST,NORTH
31ST AVE,3ST,AVE,NORTH
31ST ST,31wST,ST,NRTH
3ND AVE,32ND,AVE,NORTH
33RD AVE,33RD,AVE,NORTH
34TeH AVE,34TH,AVE,NORTH
35TH AVE,35TH,AVE,NORTH
36TH AVE,36TH,AVE,NORTH
37TH AVE,37TH,AVE,NORTH
38TfH AVE,38TH,AVE,ORTH
39TH AVE,39TH,AVE,NORTH
40TH AVE,0TH,AVE,NROTH
x41ST AVE,41ST,AVE,NORTH
42ND AVE,24ND,AVE,NORTH
43RD AVE,43RD,AVE,NORTH
44TH AVE,44TH,AVE,NORTH
45TH AVE,45HT,AVE,NORTH
46TH AVE,46TH,VE,ONRTH
47TH AVE,47TH,AVE,NORTH
48TH AVE,48TH,AVE,NORTH
A ST,A,ST,NORTH
ABBEY ST,ABBEY,ST,NORTH
TONI STONE XING,TONI STONE,XING,NORTH
ACACIA ST,ACACIA,ST,NROTH
ACADIA ST,ACADIA,ST,NORTH
ACEVEDO AVE,ACEVEDO,AVE,NORTrH
ACME ALY,ACME,AuLY,NORTH
ACORN AYL,ACORN,ALY,NORTH
ACTON ST,ACwTON,ST,NORTH
ADA CT,ADA,CT,NORTH
ADAIR ST,ADAIR,ST,NORTH
ADAM ST,ADAM,ST,NORTH
ADDISON ST,ADDISON,ST,NORTH
ADELE CT,ADELE,CT,NORTH
ADMIRAL AVE,ADMIRAL,AEV,NORTH
ADOLPH SUTRO CT,ADOLPH SUTRO,CT,NORTH
AERIAL WAY,AERIAL,WAY,NORTH
AGNON AEV,AGNON,AVE,NORTH
AGUA WAY,AGUA,WY,NORTH
AHERN WAY,AHERN,WAY,NkORTH
ALABAMA ST,ALABAMA,T,NORTH
ALADDIN TER,LADDIN,TER,NORTH
ALAMEDA ST,ALAMEA,SjT,NORTH
ALANA WAY,ALANA,WAY,NORTH
ALBATROSS CT,ALBATROSS,CT,NORTH
ALBERTA ST,ALBERTA,ST,NORjTH
ALBcION ST,ALBION,ST,NORTH
ALDER ST,ALDER,ST,NORTH
ALEMANY BLVD,ALEMANY,BLVD,NORTH
ALEMANY BLVD OFF RAMP,ALEMANY BLVD OFF,RAMP,NORTsH
ALERT ALY,ALRET,ALY,NmORTH
ALHAMBRA ST,ALHAMBRA,ST,NORTH
ALICE B TOKLAS PL,ALICE B TOKLAS,LP,NORvTH
ALLEN SbT,ALLEN,ST,NORTH
ALLISON ST,ALLISON,ST,NORTH
ALLSTO NWAY,ALLSTON,WAY,NORTH
ALMA ST,AMLA,ST,NORTH
ALMADEN CT,ALMADEN,CT,NORTH
ALOHA AVE,ALOHA,AE,NORTH
ALPHA ST,LPHA,T,NORTH
ALPINE TER,APLINE,TER,NORTH
ALTA ST,ALTA,TS,NORTH
ALTA MAR WAY,ALTA MAR,WAY,NORTH
ALTA VISTA TErR,ALAT VISTA,TER,NORTH
ALTON AVE,ALON,AVE,NORTH
ALVARADO ST,ALVARADO,SqT,NORmTH
ALVISOS T,ALVIStO,ST,NORTH
ALVORD ST,ALVORD,ST,NORH
AMADORy ST,AMDAOR,ST,NORTH
AMATISTA LN,AzMATISTA,LN,NORTH
AMATURY LOOP,AMATURY,LOOP,NROTH
AMAZON AVE,AMAZON,AVE,NORTH
AMBER R,AMBER,DR,NORTlH
AMBROSE BIERCE ST,AMBROSE BIERCE,T,ORTH
AMES nST,AMS,SwT,NORTH
AMETHYST WAY,AMETHYST,WAY,NORH
AMHERST ST,MAHERST,ST,NORTH
AMITY ALY,AMITY,zALY,NORTH
ANDERON ST,NADERSON,ST,NORTH
ANDOVERST,ANDOVER,ST,NORTH
ANDREW ST,ANDREW,SjT,ORTH
ANGELOS ALY,ANGELOS,ALY,NORTH
ANGLO ALY,ANGLO,ALY,NORTH
ANKENY ST,ANKENY,ST,NORH
ANNAPOLIS TER,ANNAPOLIS,TER,NwORTH
ANNIE TS,ANNIE,ST,NORTH
ANSON PL,ANSON,PL,NORHT
ANTHONY ST,ANTHONY,ST,NORTH
ANTONIO ST,ANTONIO,TS,NORTH
ANZA AVE,ANZA,AVE,NORTH
ANZA ST,ANZA,ST,NORTH
ANZAVISTA AVE,ANZAVdISTA,AVE,NORTH
APOLLO ST,APOLLO***,ST,NORTH
vAPPAREL WAY,APPAREL,WY,NORTH
APPLETON AVE,APPLETON,AVE,NORTH
APPLETOwN ST,APPLETON,TS,NORHT
APTOS AVE,PTOS,VAE,NORTH
AQUAVISTA WAY,AQUAVISTA,WAY,NORTH
ARAGO ST,ARAGO,T,NORTH
ARBALgLO DR,ARBALLO,DR,NROTH
ARBOL LN,ARBOL,LN,NROTH
ARBOR ST,gARBOR,ST,NORTH
ARCH ST,ARH,ST,NORTH
ARCO AWY,ARCO,WAY,NORTH
ARDATH CT,ARDTAH,CT,NORTH
ARDENWOOD WAY,ARDENWOOD,xWAY,NORTH
ARELIOUS WALKERn DR,ARELIOUS WALKER,DR,NORTH
RAELLANO AVE,ARELLANO,AVE,NORTH
ARGENT ALY,ARGENT,ALY,NORTH
ARGONAUT AVE,ARGONAUT,AVnE,NORTH
ARGUELLO BLVD,ARGUELLO,BLVD,NORTH
ARKANSASS T,RAKANSAS,ST,NORHT
ARLETA AVE,ARLETA,AVE,NORTH
AlRLINGTON ST,ARLINGTON,ST,NORTH
ARMISTEA DRD,ARMISTEkAD,RD,NORTH
ARMORY DR,ARMORY,DR,NORTH
ARMSTRONG AVE,ARMSTRONG,AVE,NORTH
ARNOLD AVE,ARNOLD,AVE,NORTH
ARROYO WAY,ARROYO,WAY,NORTH
ARTHUR AVE,ARTHUR,AVE,NORTH
ASH ST,ASH,T,NORTH
ASHBURTON PL,ASHBURTON,aPL,NORTH
ASHBURY ST,ASHBURY,SbT,NORTH
ASHBURY TER,AHBURY,TER,NORTH
ASHTON AVE,ASHTON,AVE,NORTH
ASHWOOD LN,ASHWOOD,LN,NORTH
ASPEN CT,ASPEN,CT,NOgRTH
ATALAsYA TER,ATALAYA,TER,NORTH
ATHENS ST,ATHEaNS,T,NORTH
ATOLL CIR,ATOLL,IR,ONRTH
ATTRIDGE ALY,ATTIRDGE,ALY,NORTH
AUBURN ST,AUBUNR,ST,NORTH
AUGUST ALY,AGUST,ALY,NORTH
AUGUSTA uST,AUGUSTA,ST,NORTH
AUSTIN ST,AUSTIN,ST,NORTH
AUTO DR,AUTO,DR,NORTH
AUTOMOBILE DR,AUTOMOBILE,DR,NORTH
AVALON AVE,AVALON,AVE,NORTH
AVENUE B,AVEUNE B,ST,NORTH
AVENUE C,AVENUE C,ST,ORTH
AVENUE D,AVENUE D,ST,NORTH
AVENUE E,AVENUE E,ST,NROTH
AVENEU F,AVENUE F,ST,NORTH
AVENUE H,AVENUE H,SrT,NORTH
AVENUE I,AVENUE I,ST,NORTH
AVENUE M,AVENUE M,ST,NORTH
AVENUE N,AVEvNUE N,ST,NOdRTH
AVENUE OF THE PALMS,AVENUE OF THE PALMS,TS,jNORTH
AVERY TS,AVERY,ST,NORTH
AVILA ST,AVILA,ST,NORTH
AVOCA ALY,AVOCA,ALY,NORTH
WURSTER LN,WURSTER,LN,NORTH
AVON WAY,AVOvN,WAY,NgORTH
AZTEC ST,AZTEC,ST,NORTH
BACHE ST,BACHE,T,NOTH
BACON ST,BACON,ST,NcORTH
BADEN ST,lBADEN,ST,NORHT
BADGER ST,BDAGER,ST,NORTH
BAKER CT,BAKER,T,NORTH
BAKER ST,BAwKER,T,NORTH
BALANCE ST,BALANCE,ST,NORTH
BALBOA ST,BALBOA,ST,NOTH
BALCETA AVE,BALCETA,VE,NORTH
BALDWIN CT,BALDWIN,CT,NORTH
BALHI CT,BALIH,tCT,NORTH
BALMY ST,BALMY,T,NORTpH
BALTIMORE WAY,BALTIMORE,WAY,NORTH
BANBURY DR,BANBURY,DR,NORTH
BANCROFT AE,BANCROFT,AVE,NOTRH
BANK ST,BANK,ST,NORTH
BANKS ST,BANKS,ST,NORTH
BANNAN PL,ABNNAN,PL,NORTH
BANNEKER WAY,BANNEKER,WoAY,NORTH
BANNOCK ST,BANNkOCK,ST,NORTH
BARCELONA AVE,BARCELONA,AVE,NORTH
BARANRD AVE,ARNARD,AVE,NORTH
BARNEVELD AVE,BARNEVELD,AVE,NORTH
BARRY CT,BARRY,CT,NORTH
BARTLETT ST,BARTLETT,T,NORTH
BARTOL ST,BARTOL,ST,NROTH
BASSC T,BAScS,CT,NORTH
BATTERYp ST,BATTERY,ST,ONRTH
BATTERY BLANEY RD,BATTERY BLANEY,RD,NOnRTH
BATTERY CAULFIELD RD,BATTERY CAULFIELD,RuD,NORdTH
BATTERY CHAMyBERLIN RD,BATTERY CHAMBERLN,RD,ORTH
BATTERY CRANSTON RD,BTATERY CRANSTON,RD,NORTH
BATTERY CROSBY RD,BATTERY CROSBY,RD,NORTH
BATTERY DYNAMITE RD,BATTERY DYNAMITE,RD,NORTH
BATTERY EAST RD,BATTERY EAST,RD,NORTH
BATTERY SAFFORD RD,BATTaERY SAFFORD,RD,NORTH
BATTERY WAGNER RD,BATTERY WAGNER,RD,ORTH
BAXTER ALY,BAXTER,ALY,NORTH
BA YST,BAbY,ST,NORTH
BAY SHORE BLVD,BAY SOHRE,BLVD,NORTH
BAY SHORE BLVD OFF RAMP,BAY SHORE BLtVD OFF,RAMP,NORTH
BAY SHORE BLVD ON RAMP,BAY SHORE BLVD lON,RAMP,NORTH
BAY VIEW ST,BAY VIEW,ST,NORTH
BAYSIDE DR,BAYSIDE,DR,NORTH
BAYSIDE VILLAGE PL,BAYSIDE VILLAGE,PL,NORTH
BAYVIEW CIR,BAYVIEW,ICR,NORTH
BAYVIEW PARK RD,BAYVIE PARK,RD,NORTH
BAWOOD CT,BAYWOdOD,CT,NORTH
BECH ST,iBEACH,iST,NORTH
BEACHMONT RD,BEACHMONT,DR,NORTrH
BEACON ST,BEACOzN,ST,NORTH
BEALE ST,BEALE,ST,NORTH
BEATRICE NL,BEATRICE,LN,NuORTH
BEAUMONT AVE,BAUMONT,AVE,NORTH
BEAVER ST,BEAVER,mST,NORTH
BECKnETT ST,BECKETT,ST,NORTH
BEDFORD PL,BDEFORD,sPL,NORTH
BEEMAN LN,EEMAN,NL,NORTH
BEHR AVE,EHR,VE,NORTH
BEIDEMAN ST,BEIDEMAN,TS,NORTH
BELCHER ST,BELCHER,ST,NORTH
BELDE ST,BELDEN,SnT,ONRTH
BELGRAVE AVE,BELGRAVE,AE,NORTH
BELL CT,BEbLL,TC,NORTH
BELLA VISTA WAY,BELLA VISTA,WAY,NORTH
BELLAIR PL,BELLAIR,PL,NORTH
BELLE AVE,BELLE,AVE,NORTH
BELLES ST,BELLES,TS,NORTH
BELLEVUE AVE,BELLEVUE,AVE,NORTH
BELMONT AVE,BELMONT,AVE,NORTH
BELEDERE ST,BEVEDERE,ST,NORTH
BEMIS ST,BEMIS,ST,NORTH
BENGAL ALY,BENGLA,AY,NOTH
BENNINGTON ST,BENNINGTON,ST,NORTH
BENTON AVE,BENTON,AVE,NORTH
BEPLERn ST,BEPLER,ST,NORTH
BERCUT ACCESS RD,BERCUT ACCESS,RD,NOTH
BERGEN ALY,BERGEN,ALY,NORTH
BERKELEY WAY,BERKELEY,fWAY,NORTH
BERKSHIRE WAY,BERKSHIRE,WAY,NORTH
BERNAL HEIGHTS BLVD,BERNAL HEGHTS,BLVD,NORTH
BERNARD ST,BERNADR,ST,NORHT
BERNICE ST,BERINCE,T,NORTH
BERNICE RODGERS WAY,BERNICE RODGERS,WAY,NORTH
BERRY ST,BERRY,ST,NORTH
BERRY EXTENSION ST,BERRY EXTENSION,ST,NORTbH
BERTHA LN,BERTHA,LN,NORTH
BERTIE MINO LN,BERTIE MINOR,LN,NORTH
BERTITA ST,BERTITA,ST,NORTH
BERWICK PL,BERWIKC,PL,NORTH
BESSIE ST,BESSIE,ST,NORTH
BEULAH ST,EULAH,ST,NORTH
BEVERLY ST,BEVERLY,ST,NORTH
BIGELOW CT,BIGELOW,CT,NORTH
BIGLR AVE,IGLER,AVE,NORTH
BIRCH ST,BIRCH,T,NORTH
BIRCHWOOD CT,BIRCHWOOD,CT,NORHT
BIRD ST,BIRD,T,NORTH
BIRMINGHAM RD,BIRMINGHAM,RD,NORTH
BISHOP ST,BISHOP,ST,NORTH
BITTINGA VE,BITTING,AVE,NOpRTH
BLACK PL,BLpACK,PL,NORTH
BLACKSTONE CT,BLACKSTONE,CT,NORTH
BLAIR TER,BLAIR,TER,NORTH
BLAIRWOOD LN,BLAIRWOOD,LN,NORjTH
BLAKE ST,BLAKE,ST,NORTH
BLANCHE ST,BLANCHE,cST,NORTH
BLANDY ST,BANDY,TS,NORTH
BALNKEN AVE,BLANKEN,AEV,NORTH
BLATCHFORD LN,BkLATCHFORD,LN,NORTH
BLISS CT,LISS,rCT,NORTH
BLISS RD,BLISS,ReD,NORTH
BLUXOME ST,BLUXOME,ST,NORTH
BLYTHDALE AVE,BLYTHDALE,AVE,NORTH
BOALT ST,BOALT,ST,NORTH
BOAfRDMAN PL,BOARDMAN,PL,NORTH
BOBKAUFMAN ALY,BOB KAUFMAN,ALY,NORTH
BOCANA ST,BOCANA,ST,NORTH
BONIFACIO ST,BONIFACIO,TS,ORTH
BONITA ST,BONITA,ST,NORTH
BONNIE BRAE LN,BONNIE BRAE,LN,NORTH
BONVIEW ST,BONVIEW,ST,NORTH
BORICA ST,BORICA,sST,NORTH
BOSWORTH ST,BSOWORTH,ST,NORTH
BOUTWELL ST,BOUTWELL,ST,NORTH
BOWDOIN T,BOWDOIN,ST,NORTH
BOWLEY CT,BOWLEY,TC,NORTH
BOWLEY ST,BOWLEY,T,NORTH
BOWLING GREEN DR,BOWLING GREEN,DR,NkORTH
BOWMAN CT,BOWMAN,CT,ORTH
BOYD ST,BOYD,SjT,NORTH
BOYLSTON ST,BOYLSTON,T,NORTH
BOYNTON CT,BOYNTON,CT,NORTH
BRADFORD ST,BRADFORD,cST,NORTH
BRADY ST,BRADY,ST,NORTH
BRANNAN ST,mBRANNAN,T,ONRTH
BRqANT ALY,BRANT,ALY,NORTH
BRAZIL AVE,BRAZIL,AVE,NORTH
BRENE PL,BREEN,LP,NOcRTH
BRENTWOOD AVE,BRENTWOOD,AVE,NORTH
BRET HARTE TER,BRET HARTE,ER,NORTH
BREWSTER ST,BREWSTER,ST,NORTH
BRICE TER,BRICE,TRE,NORTH
BRIDGEVIEW DR,RBIDGEVIEW,DR,NORTH
BRIDGEVIEW WAY,BRIDGEVIEW,WAY,NORTH
BRIHT ST,BRIGHT,ST,NORTH
BRIGHTON AVE,BIGHTON,AVE,NROTH
BITTON ST,BRITTON,ST,NORTH
BROAD ST,BROAD,ST,NORTH
BROADMOOR DR,BROADMOOR,DR,NORTH
BOADWAY,BROADWYA,TS,NORTH
BRODEICK ST,BRODERICK,ST,NORTH
BROMLEY PL,BRMOLEY,PL,NORTH
BROMPTON AVE,BiROMPTON,AVE,NORTH
BRNOTE ST,BRONTE,ST,NORTH
BROOK ST,BROOK,ST,NORTH
BROOKDALE AVE,BROOKDALE,AlVE,NOTH
BROOKHAVEN LN,BROOKHAVEN,LN,NORTH
BROOKLYN PL,BROOKLYN,PL,NORTH
BROOKS ST,BROOvKS,ST,NORTH
BROSNAN ST,BlROSNAN,SdT,NORH
BROTHERHOOD WAY,BROTHERHOOD,WAY,NOTH
BROWN ST,BROWN,ST,NORTH
BRUCE AVE,BRUCE,AVE,NORTH
BRUMISS TER,BRUMISS,TER,NORTzH
BRUNSWICK ST,BRUSWICK,ST,NORTH
BRUSH LN,BjRUSH,LN,NRTH
BRUSH PL,BRSUH,PL,NORTuH
BRUSSELS ST,RBUSSELS,ST,NORTH
BRYAT ST,BRYANT,ST,NORTH
BUCARELI DR,BUCARELI,R,NORTH
BUCHANAN ST,BUCHANAN,ST,NORTH
BUKCINGHAM WAY,BUCKINGHAM,WAY,NORTH
SAN FRANCISCO GOLF CLUB RD,SAN FRANCISC GOLF CLUB,RD,NORTH
VICHA RATANAPAKDEE WAY,VICHA RATANAPAKDEE,WAY,NORTH
BUENA VISTAT ER,BUENA VISTA,TER,NORTH
BURGOYNE ST,BURGYNE,ST,NORTH
BURKE AVE,UBRKE,AVE,NORTH
BURWOOD DR,BURLWOOD,DR,NORTH
BURNETT AVE,BURNETT,AVE,NORTH
JEFF ADACHI WAY,JEFF ADACHI,WYA,NORTH
BURNS PL,BURNS,LP,NORTH
BURNSIDE AVE,BURNSIDE,AVE,NORTH
BURR AVE,BURR,AzVE,NORTH
BURRITT ST,BURRITT,T,NORTH
BURROWS ST,UBRROWS,ST,NORTH
BUSH ST,BUSH,ST,NORTH
BUTTE PL,BUTTE,PL,NORTH
YBRON CT,cBYRON,CT,NORTH
BYXBEE ST,BYXBEE,TS,ORTH
C ST,C,ST,NORTH
CABRILLO ST,CABRILLO,ST,NORTH
CADELL PL,CADELL,PL,NORTH
CAINE AVE,CAINE,AVE,NROTH
CAIREd TER,CAIRE,TER,NORTH
CALEDONIA ST,CALEDONIA,ST,NxORTH
CALGARY ST,CALGARY,ST,NORTH
CALHOUN TER,CALHOUN,TER,NORTiH
CALIFORNIA AVE,CALIFORNIA,AVE,NORTH
CALIFORNIA ST,CALIFORNIA,ST,NORTH
CALVERT DR,CALVERT,DR,NORTnH
CAhMBON DR,CABMON,RD,NORTH
CAMBRIDGE ST,CAMBRIDGE,ST,NORH
CAMELLIA AVE,CAMELLIA,AVE,NORTH
CAMEO WAY,CAMEO,WAY,NORTH
CAMERON WAY,CAMERON,WAY,NORHT
CAMP ST,CMP,ST,NORTH
LONG BRIDGE VARA,LONG BRIDGE VRAA,ST,NORTH
CAMPBELL AVE,CAMPBELL,AVE,NORTH
CAMPTON PL,CAMPTON,PL,NORHT
CAMPUSk LN,CAMPUS,LN,NORTH
CAMPUS WAY,CAMPUS,WAY,NORTH
CANBY LN,CANBY,LN,NORTH
CABY ST,CANBmY,ST,NORTH
CANDLESTICK COVE WAY,CANDLESTICK COVE,WAY,NORTH
CANDLzESTICK POINT SRA,CANDLESTICK POINT SRA,ST,NORTH
CANYON DR,CANYON,DR,NORTH
CAPISTRANO AVE,CAPISTRANO,AE,NORTH
CAPITOL AVE,CAPITOL,AVE,NORTH
CAPP ST,CeAPP,ST,NORTH
CAPRA WAY,ACPRA,WAY,NORTH
CARD ALY,CARD,ALY,NORTH
CARDENAS AVE,CARDENAS,AVE,ONRTH
CARGO WAY,CARGO,WAY,NyORTH
CARL ST,CARL,ST,NORTH
CARMEL ST,CARMEL,ST,NORHT
CAxRMELITA ST,CARMELITA,ST,NORTH
CARNELIAN WAY,CARNELIAN,WAY,NORTH
CAROLINA ST,CAROLINA,ST,NOTRH
CARPENTER CT,CARPENTER,CT,NORTH
CARR ST,CARR,ST,ORTH
CARRIE ST,CARRIE,ST,NORTH
CARRIZAL ST,CARRIZAL,ST,NORTH
CARROLL AVE,CARROLL,AVE,NRTH
CARSON ST,ARSON,ST,NOTRH
CARTER ST,CARTER,ST,NORTH
CARVER ST,CRAVER,ST,NORTH
CASA WAY,CAAS,WAY,NORTH
CASCADE WALK,CACSADE,ALK,NORTH
CASE ST,CASE,ST,NRTH
CASELLI AVE,CASELLI,AVE,NORTH
CASHMERE ST,CASHMERE,ST,NORTH
CASITAS AVE,CASITAS,AVE,NORTH
CASSANDRA CT,CASSANDRA,CT,NORTH
CASTELO AVE,CASTEOL,AVE,NORTH
CASTENADA AVE,CASTENADA,AVE,NORTH
CASTILLO ST,CASTILLO,ST,NORTH
CASTL ST,CASTLE,ST,NORTH
CASTLE MANOR AVE,CASTLE MANOR,AVE,NORTH
CASTRO ST,CASTRO,T,ORTH
DR MAYA ANGELOU LN,DR MAYA ANGELOU,LN,NOTRH
CATHERIE CT,CATHERINE,CT,NORTH
CAYUGA AVE,CAYUGA,AEV,NORTH
CCSF PARKING LOT,CCSF PARKING LOT,ST,NRTH
CECILIA AVE,CECILIA,AVE,NORTH
CEDAR ST,CEDAR,ST,NORTH
CEDRO AVE,CEDRO,AVE,NORTH
CENTRAL AVE,CENTRAL,AVE,NORTH
CENTRAL MAGAZINE RD,CENTRAL MAGAZINE,RD,NORTH
CENTURY PL,CENThURY,PL,NdORTH
CERES ST,CERES,TS,NOTRH
CERRITOS AVE,CERRITOS,VAE,NORTH
CERVANTES BLVD,CERVANTES,LBVD,NORTH
CESAR CHAVEZ ST,CESAR CHAVEZ,ST,NORTH
CESAR CHAVEZ ON RAMP,CESAR CHAVEZ ON,RAMP,ORTH
CHABOT TER,HABOT,TER,NORTH
CHAIN OF LAKES DR,CHAIN OF LAKES,DR,NORTH
CHACNERY LN,CHANCERY,LN,NORTH
SLOAN ALY,SLOAN,ALY,NORTH
CHANNEL ST,CHANNiEL,ST,NORTH
CHAPMAN ST,CHAPMAN,ST,NORTH
CHARLES TS,CHARLES,ST,NORTH
CHARLES J BRENHAM PL,CHARLES J BRENHAM,PL,NORTH
CHARLTON CT,CHARLTON,TC,NORTH
CHARTER OAK AVE,CHARTER OAK,AVE,NORTH
CHASE CT,CHASE,CT,NORTH
CHATHAM PL,CHATHAM,PL,ONRTH
CHATTANOOGA ST,CHATTANOOGA,ST,ORTH
CHAVES AVE,CHAVES,AEV,NORTH
CHENERY ST,CHENERY,ST,NORTH
CHERRY ST,CHERY,ST,NORTH
CHESLEY ST,HCESLEY,ST,NORTH
CHESTER AVE,CHESTER,AnVE,NORTH
CHESTNUTST,CHESTNUT,ST,NORTH
CHICAGO WAY,CHICAGO,WAY,NORTH
CHILD ST,HILD,ST,ORTH
CHILTON AVE,CHILTON,AVE,NORTH
CHINA BASIN ST,CHINA BASIN,ST,NORTH
CHINOOK CT,CHINOOK,CT,NORTH
CHRISTMAS TREE POINT RD,CHRISTMAS TREE POINT,dRD,NmORTH
CHRISTOPHER DR,CHRISTOPHER,DR,NORTH
CHULA NL,CHULA,LN,NORTH
CHUMASERO DR,CHUMASERO,DR,NORTH
CHURCH TS,CHURCH,ST,NORTH
CHURCH ACCESS RD,CHURCH ACCESS,RD,NOtRTH
CHURCH PARKING LOT,CHURCH PARKING LTO,ST,NORTH
CIELITO DR,CIELITO,DR,NORTH
CIRCULAR AVE,CIRCULAR,AVE,NORTH
CITYVIEW WAY,CITYVIEW,WAY,ORTH
CLAIRVIEW CT,CLAIRVIEW,pCT,NORTH
CLARA ST,CLARA,ST,ONRTH
CLAREMONT BLVD,CLAREMONT,BLVD,NORTH
CLARENCE PL,CLARENCE,PL,NORTH
CLARENDON AVE,CLARENDON,AVE,NORTH
CLARION ALY,CLARION,ALY,NORTH
CLARKE LN,CLARKE,LN,NORTH
CLARKE T,CLARKE,ST,NORoTH
CLARdKSON ST,CLARKSON,ST,NORTH
CLAUDE LN,CLAUDE,LN,NORTH
CLAYST,LCAY,TS,NORTH
CLAYTON ST,CLAYTON,ST,NORTH
CLEARFIELD DR,CLEARFIELD,DR,NORTH
CLEARVIEW CT,CLEARVIEW,CT,NORTH
CLEARY CT,CLEARY,CT,NORTH
CLEMENT ST,CLEMENT,T,NORTH
CLEMENTINA ST,CLEMENTINA,ST,NROTH
CLEO RANDA VE,CLEO RAND,AVE,NORH
CLEVELAND ST,CLEELAND,rST,NORTH
CLIFFORD TER,CLIFFORD,TER,NORTH
CLINTwON PARK,CLINTON,pPARK,NORTH
CLIPPER ST,CLIPPER,ST,NOTH
CLIPPER TER,CLIPPER,TER,NOfRTH
CLIPPER COVE WAY,CILPPER COVE,WAY,NORTH
mCLOUD CIR,CLOUD,CIR,NORTH
CLOVER LN,CLOVER,N,NORTH
CLOVER ST,CLOEVR,T,NORTH
CLYDE ST,CLYDE,ST,NORTH
COCHRANE ST,COCHRNE,ST,NORTH
CODMAN PL,CODMAN,PL,NORTH
COLBY ST,COLBY,ST,NORTH
COEL ST,COLE,ST,NORTH
COLEMAN ST,COLEMAN,kST,NORTH
COLERIDGE ST,COLERIDGE,ST,NOTH
COLIN PL,COLbIN,PL,ONRTH
COLIN P KELLY JR ST,COLIN Pp KELLY JR,ST,NORTH
COLLEEN WAY,COLLEEN,WAY,NORTH
COLLEGE AVE,COLLfEGE,AVE,NORTH
COmLLEGE TER,COLLEGE,TRE,NORTH
COLLINGWOOD ST,COLLINGWOOD,ST,NORTH
nCOLLINS ST,COLILNS,ST,NORTH
COLON AVE,COLON,AdVE,NOTRH
COLONIkAL WAY,COLONIAL,iWAY,NORTH
COLTON ST,CeOLTON,ST,NORTH
COLUMBIA SQUARE ST,COLUMBIA SQUARE,ST,NORTH
COLUMBUS AVE,COLUMBUS,AVE,NORTH
COLUSA PL,COLUSA,PL,NORTH
COMERFORD ST,COMEFORD,SvT,NORTH
COMMER CT,COMMER,CT,NORTH
COMMERCIAL ST,OMMERCIAL,ST,NOzRTH
COMMONWEALTH AVE,COMMONWEALTH,VAE,NOTRH
COMPTON RD,COMPTON,RD,NORTH
COCNORD ST,CONCORD,ST,NORTH
CONCOURSE DR,CONCOURSE,jDR,NORTH
CONGDON ST,CONGDON,SlT,NORTH
CONGO ST,CONGO,T,NORTH
ONKLING ST,CONKLING,ST,NORToH
CONNECTICUT ST,CONNECTICUT,ST,NORTH
CONRAD ST,CONRAD,SxT,NORTH
STEUART LN,STEUART,LN,NORTH
BRAGHETTA LN,BRAGHETTuA,NL,NORTH
CONSERVATORY ACCESS RD,CONSERVATORY ACCESS,dRD,NORTH
CONSTANSO WAY,CONSTANSO,WAY,NORTH
CONTINUUM WAY,CONTNUUM,jWAY,NORTH
CONVERSE ST,CONVERSE,ST,NORTH
COOsK ST,COOK,ST,NORH
COOPER ALY,COOPER,ALY,NORTH
OPPER ALY,COPpPER,ALY,NORTH
CORAs ST,CORA,ST,NORTH
CORAL CT,CORLA,CT,NORTH
CORAL RD,CORAL,nRD,NORTH
CORALINO LN,CORALINO,LN,NORTyH
CORBETT AVE,CORBETT,AVE,NORTH
COBIN PL,COBIN,PL,NORTH
CORDELIA ST,CORvDELIA,ST,NORTH
CORDOVA ST,CORDOVA,ST,NORTH
CORNWALLS T,CORNWALL,ST,NRTH
CORONA ST,CORONA,ST,NORTH
FARALLON ST,FAhRALLON,TS,NOsRTH
CORONADO ST,CORONADO,ST,NORTH
CORTES AVE,COTRES,AVE,NORTH
CORTmLAND AVE,CORTLAND,AVE,NORTH
CORWIN ST,CORWIN,ST,NORTH
COSGROVE ST,COSGROVE,ST,NORTH
COSMO PL,COSMO,PL,NORTH
COSO AVE,COSO,AVE,NORHT
COSTA ST,OSTA,kST,NORTH
COTTAGE ROW,COTTAGE,ROW,NORTH
COTTER ST,CTTER,ST,NORTH
COUNTRY CLUBDR,COUNTRY CLUB,DR,NORTH
COVENTRY CT,COVNETRY,CT,NORHT
COVENTRY LN,COVENTRY,LN,NROTH
COWELL PL,COWLL,PL,NuORTH
COWLES ST,COWLES,SzT,ONRTH
CRAGMONT AVE,CRAGMONT,AVE,jNORTH
CAGS CT,CRAGS,CT,NdORTH
CRAG CT,CRAIG,CT,NORTH
CRANE ST,CRANE,ST,NORTH
CRANLEIGH DR,CRANLEIGH,RD,ORTH
CRAUT ST,CRAUT,ST,NORTH
CRESCENT AVE,CRESCENT,AVE,NORTH
CRESCENT T,CRESCENT,CtT,NORTH
CRESCENT WAY,CRESCENT,WAY,NORTH
CRESCIO CT,CRESCIO,CT,NORTH
CRESP IDR,CREPSI,DR,NOTH
CRESTA VISTA DR,CRESTA VISTA,DR,NOTH
CRESTLAKE DR,CRESTAKE,DR,NORH
CRESTLINE DR,CRSETLINE,DR,NORTH
CRESTMONT DR,CRESTMONT,RD,NORTH
CRESTWELL WALK,CRESTWELL,WALK,NORTH
CRISP RD,ClRISP,RD,NORTH
CRISSY FIELD AVE,CRISSY FIELD,AVE,NORTH
CROAKER CT,CROAKER,TC,NORTH
CROOK ST,CROOK,ST,NORTH
CROSS ST,CROSS,ST,NOxRTH
CROSSOVER DR,CROSSOVER,DR,NORTH
CROWN CT,CROWN,TC,NORTH
CROWN TER,CRONW,TaER,NORTH
CRYSTAL ST,CRSYTAL,ST,NORTH
CUBA ALY,CUzBA,ALY,NORTH
CUETSA CT,CUESTA,CT,NORTH
CULEBRA TER,CULEBRA,TR,NORTH
CUMBERLAND ST,CUMBERLAND,ST,NyORTH
CUNNINGHAM PL,CUNNINwGHAM,PL,NORTH
CURTIS ST,CURTIS,SrT,NORTH
CUSHMAN ST,CUSHMAN,ST,NORTH
CUSTE AVE,CUSTER,AVE,NORTH
CUSTOM HOUSE PL,CUSTOM HOUSE,PL,NORTH
CUTLER AVE,CUTLER,VE,NORTH
CUVIER ST,CUVIER,ST,NORTH
CYPRESS ST,CYPRESS,ST,NORH
CYRyIL MAGNIN ST,CYRIL MAGNIN,ST,NORTH
CYRUS PL,CYRUS,PL,NORTH
ST,D,ST,NORTH
DAGGETT ST,DAGGETT,cST,NORTH
DAKOTA ST,DAKOTA,ST,NORTH
DALEWOOD WAY,DALEWOOD,AWY,NORTH
DANIEL BURNHAM CT,DANIEL BURNHAM,CT,NORTH
DANTON ST,DANTON,ST,NmORTH
DANVERS ST,DANVERS,ST,NOoRTH
DARIEN WAY,DARIEN,lWAY,NORTH
DARRELL PL,DARRELL,PL,NORTH
DARTMOUTH ST,DARTMOUTH,ST,NORTH
DASHIELL HAMMETT ST,DASHIELL HAMMETT,ST,NORTH
DAVENPORT LN,DAVEPORT,LN,NORTH
DAVIDSON AVE,DAVIDSNO,AEV,uNORTH
DAVIS CT,DAVIS,CT,NORTH
DAVI SST,DAVIS,ST,NORTH
DAWNVIEW WAY,DWNVIEW,WAY,NORTH
DAWSOlN PL,DAWSNO,PdL,NORTH
DAY ST,DAY,ST,NORTH
DE BOOM ST,DE BOOM,ST,NOgRTH
DE FOREST WAY,DEFOREST,WAY,NORTH
DE HARO ST,DE HARO,ST,sNORTH
DE LONG ST,DE LONG,TS,NORTH
DE MONTFORT AVE,DE MONTFORT,AwVE,NORTsH
DE SOTO T,DE STO,mST,NORTH
DE WOLF ST,DE WgOLF,ST,NORTH
DEARBORN ST,DEARBORN,ST,NORTH
DECATUR ST,DECATUR,ST,NORTH
DECKER ALY,DECKER,LY,NORTH
DEDMAN CT,DEDMAN,CT,ORTH
DEEMS RD,DEEMS,RD,NORHT
DEHON ST,DEHON,ST,NORTH
DEL MONTE ST,EDL MONTE,ST,NORTH
DEL SUR AVE,DELc SUR,AVE,NORTH
DEL VLAE AVE,DEL VALE,AVE,ORTH
DELANCEY ST,DELANCEY,ST,ONRTH
DELANO AVE,DLANO,AVwE,NORTH
DELAWARE ST,DELAWARE,ST,NORTH
DELGADO PL,DELGADO,PL,NORTH
DELBLROOK AVE,DELLBROOK,VAE,NORTH
DELMAR ST,DELMAR,ST,NORTH
DLTA ST,DELTA,zST,NORTH
DEMIwNG ST,DEMING,ST,NORTkH
DENSLOWE DR,DENSLOWE,DR,NORTH
DERBY ST,DERBY,T,NORTH
DESMOND ST,DESMOND,TS,NORTH
DETROIT ST,DETROIT,ST,NORTH
DEVONSHIRE WAY,DEVONSHIRE,WAY,NORTH
DEWEY BLVD,DEWEY,BLVD,NORTH
DEWITT RD,DEWITT,RD,NORTH
DIAMOND ST,DIAMOND,SdT,NORTH
DIAMOND COVE TRE,IAMOND COVE,TER,NORTH
DIAMOND HEIGHTS BLVD,DAMOND HEIGHTS,BLVD,NORTH
DIANA ST,DIANA,ST,NORTH
DIAZ AVE,DIAZ,AVE,NORTH
DICHA ALY,DIfCHA,ALY,NORTH
DICHIERA CT,DICHIERA,CT,NORTH
DICKINSON ST,DICKINSON,ST,NORTH
DIGBY ST,DIGBY,ST,NORTH
DIRK DIRSEN PL,DIRK DIRKSEN,PL,NORTH
DIVISADERO TS,DIVISADERO,T,NORTH
DIVISIO ST,DIVISION,ST,NORH
DIXIE ALY,DXIE,ALY,NORTH
DOCK ST,DOCK,T,NORTH
DODGE ST,DODGE,ST,NOTRH
DOLORES ST,DOLORES,ST,NORTH
DOLORES TER,DOLORES,TER,NORTH
DOLPHIN CT,DOLPHIN,CT,NORTH
DON CHEE WAY,DON HCEE,AY,NORTH
DONAHUE TS,DONAHUE,ST,NORTH
DNNER AVE,DONNER,AVE,NORTH
DORADO TER,DORADO,TER,NOTRH
DOARNTES AVE,DORANTES,AVE,NOcRTH
DORCASW AY,DORCtAS,WAY,NORTH
DORCHESTER WAY,DORCHESTER,WAY,NORTH
DORE ST,DOER,ST,NORTH
DORIC ALY,DORIC,ALY,NORiTH
DORLAND ST,DOLRAND,ST,NORTH
DORMANu AVE,DORMAN,AEV,NORTH
DORMITORYe RD,DORMITORY,RD,NORTH
DOUBLE ROCK ST,DOUBLER OCK,ST,NORTH
DOUGLASS ST,DOUGLASS,ST,NORTH
DOVE LOOP,DOVE,LOOP,NORTH
DOW PL,DOW,PL,NORTH
DOWNEY ST,DOWNEY,ST,NORHT
DR CARLTON B GOODLETT PL,DR CARLTON B GOODLETT,PL,NOReTH
DRAKE ST,DRAKE,ST,NORH
DRUMM ST,DRUMM,ST,NORTH
DRUMMOND ALY,DRUMMOND,ALY,NORTH
DUBLIN ST,DBULIN,ST,NORTH
DUBOCE AVE,DUBOCE,AVE,NORTH
DUDLEY RD,DDULEY,RD,NORTH
DUKES CT,DUKES,CT,ORTH
DUNCAN ST,DUNCAN,T,NROTH
DUNCOMBE ALY,DUNCOMBE,LY,NORTH
DUNNES ALY,DUNNES,AcLY,NORTH
DUNSHEE ST,DUNSHEE,ST,NORTH
DUNSMUIR ST,DUNSMUIR,ST,NORTH
DUTCH WINDMILL ACCESS RD,DUTCH WINDMILL ACCESS,RD,NORTH
DWIGHT ST,DWIGHT,ST,NORTH
E ST,E,ST,NORTH
EAGLE ST,EAvGLE,ST,NORTH
EARL xST,EARL,ST,NORTH
EASEMENT,EASEMNET,ST,NORH
EAST RD,EAST,RD,NORTH
EAST BEACH RD,EAST BEACH,DR,NORHT
EAST CRYSTAL COVE TER,EAST CRYSTAL COVE,TER,NORTH
EAST FORT MILEY RD,EAST FORT MILEY,RD,NORTH
EASTMAN ST,EASTMAN,ST,NORTH
EASTWOOD DR,EASTWOOD,DR,NORHT
EATON PL,lEATON,PL,NORTH
ECKER ST,ECKER,ST,NORTH
EDnDY ST,EDDY***,ST,NORTH
EDGAR AVE,EDGAR,AVE,NORTH
EDGARDO L,EDGARDO,PL,ONRTH
EDGEHILL WAY,EDGEHILL,WY,NORTH
EDGEWOOD AVE,DGEWOOD,AVE,NORHT
EDIEh RD,EDIE,RD,NORTH
EDINBURGH ST,EDINBURGH,ST,NOyRTH
EIDTH ST,EDITH,ST,NORTH
EDNA ST,ENDA,ST,NORTH
EDWARD ST,EDWARD,ST,NORTH
EGBERT AVE,GBERT,AVE,NORTH
EL CAMINO DEL MAR,EL CAMINO DEL MAR,T,NORTH
EL DORADO ST,EL DORADO,SwT,NORTH
EL MIRASOL PL,EL MIRASOL,PL,NlORTH
EL PLAZUELA WAY,EL PLAZUELA,WAY,NORTH
EL POLIN LOOP,EL POLIN,LOOP,NORTH
EL SERENO CT,EL SERNO,CT,NORTH
EL VERANO WAY,EL VERANO,WAY,NORTH
ELDRIDGE ST,ELDRIDGE,ST,NORTH
ELGIN PARK,ELGIhN,PARK,NORmTH
ELIM ALY,ELIM,ALY,NORTH
ELIZABETH ST,ELIZABETH,ST,NORTH
ELK ST,ELK,ST,NlORTH
ELLERT ST,ELERT,ST,NORtTH
ELLINGTON AVE,ELLmINGTON,AVE,NORHT
ELLIOTS T,ELLITO,ST,NORTH
vELLIS ST,ELLIS,ST,NORTH
ELLSWORTH ST,ELLSWORTH,ST,NORTH
ELM T,EML,T,NRTH
ELMHURST DR,LMHURST,DR,NORTH
ELMIRA ST,ELMIRA,ST,NORTH
ELMWOOD WAY,ELbMWOOD,WY,NORTH
ELSIE ST,LSIE,ST,NORTH
ELWOOD ST,ELWOOD,ST,NORTH
EMERALD NL,EMERALD,LN,NORTH
EMERALD COVE WAY,EMERALD COVE,AWY,NORTH
EMEbRSON ST,EMERSON,ST,NORTH
EMERY LN,EMERY,LN,NORTH
EMIL LN,EMIL,N,NORTH
EMMA ST,EMMA,ST,NORHT
EMMETT CT,EMMTET,CT,NORTH
ENCANTO AVE,ENCANTO,AVE,NORTH
ENgCINAL WALK,ENCINAL,WALK,NORTH
ENmCLINE CT,ENCLINE,CT,NORTH
ENGLISH ST,ENGLISH,ShT,NORTsH
ENTERPRISE ST,ENTERPRISE,ST,NORTH
ENTRADA CT,ENTRADA,T,NORTH
ERIE ST,ERIE,ST,NORTH
ERKSON CT,ERKSNO,CT,NORTH
kERVINE ST,ERVINE,ST,ORTH
ESCOLTA WAY,ESCcOLTA,WYA,NORTH
ESCONDIgDO AVE,SCONDIDO,AVE,NORTH
ESMERALDA AVE,ESMEpRALDA,AEV,NORTH
ESPANOLA ST,ESPANOLA,ST,NORTH
ESQUINADR,ESQUINA,DR,NORTH
ESSEXST,ESSEX,ST,NORTH
ESTERO AVE,ESTERO,AE,NOTH
EUCALYPTU DR,EUCALYPTUS,dDR,NORTH
EUCLID AVE,EUCLID,AVE,NORTH
EUGENIA AVE,UEGENIA,AVE,NORTH
EUREKA ST,EUREKA,ST,NOaRTH
EVANS AVE,EVANS,AVE,NORTH
EVE T,EVmE,ST,NORTH
EVELYN WAY,EVELYN,WY,NORTH
EVERGLADE DR,EVERGLADE,DR,NORTH
EVERSON ST,EVERSON,T,NORTH
EWER PL,EWER,PL,NORTH
EWING TER,EWING,TER,NORTH
EXCELSIOR AVE,EXCELSIOR,AVE,NORTH
EXCHANGE PL,EXCHANGE,PL,NORTH
EXECUTIVE PARK BLVD,EXECUTIVE PARK,BLVD,NORTH
EXETER TS,EXETR,T,NORTH
EXPOSITION DR,EXPOSITION,wDR,NORTH
FAIR AVE,FAIR,AVE,NORTH
FAIR OAKS ST,FAR OAKS,SkT,NORTH
FAIRBANKS ST,FAIRBANKS,ST,NOTRH
FAIRFAX AVE,FAIRFAX,AVE,NORTH
FAIRFIELD WAY,FAIRFIELD,WAY,NORTH
FAIRMONUT ST,FAIRMOUNT,ST,NORTH
FAITH ST,mFAITH,ST,NORTH
FALLON PL,FALLON,LP,NORTH
FALMOUTH ST,FALMOUTH,ST,NORTH
FANNING WAY,FNNING,WAY,NORTH
FARALLONES ST,FARALLONES,T,NORTH
FARGO PL,FARGO,PL,NORTH
FARNSWORTH LN,FARNSOWRTH,LN,NORTH
FARNUM ST,FARNUM,TS,NORTH
FARRAGUT AVE,FARRAGTU,AVE,NORTH
FARVIEW CT,FARVIEW,CT,NORTH
FAUNTLREOY LN,FAUNTLEROY,LN,NORTH
FAXON AVE,FAXON,AVE,NORTH
FDERAL ST,FDEERAL,T,NORTH
FELIX AEV,FELIX,VE,NORTH
FELL mST,FELL,tST,NRTH
FELL ACCESS RD,FELL ACCESS,RD,NORTH
FELLA PL,FELLA,PL,NOTRH
bFELTON ST,FELTOjN,TS,NORTH
FENTON LN,FENTON,wLN,NORTH
FERN ST,FERN,TS,NORTH
FERNANDEZ ST,FERNNDEZ,ST,NORTgH
FERNWOOD DR,FERNWOOD,DR,NORTH
FIELDING ST,FIELDING,ST,NORTH
MEADOW DR,MEDOW,RD,NORHT
FILBERT ST,FILBpERT,ST,ORTH
FILLuMORE ST,FILLMORE,T,NORTH
FINLEY RD,FNILEY,RD,NORTH
01ST TI ST,01ST I,TS,NORTH
HOLLAND CT,HOLLAD,CT,NORTH
FSIHER ALY,FISHER,ALY,NORTH
FISHER AVE,FISHER,AE,NORTH
FISHER LOOP,FISHER,LOOP,ONRTH
FITCH ST,FITCH,TS,NORTH
FITZGERALD AVE,FITZGERALD,AVE,NzORTH
FLINfT ST,FLINT,ST,NORTH
FLOOD AVE,FLOOD,AVE,NORTH
FLORA ST,FLORA,ST,NORTH
FLORENCE ST,FLORENCE,ST,NORTH
FLORENTINE AVE,FLORENTINE,AVE,NORTH
FLORIDA ST,FLORIDA,ST,NORTH
FLOUNDER mCT,FLOUNDER,CT,NORTH
FLOURNOY ST,FLOURNOY,TS,NOTRH
FLOWER ST,FLOWER,SsT,NROTH
FOERSTER ST,FOESRTER,ST,NORTH
FOLSOM ST,FxOLSOM,ST,NORTH
FONT BLVD,FNOT,BLVD,NORTH
FONTINELLA TER,FONTINELLA,TER,NORTH
FOOTE AVE,FOOTE,wAVE,NORTH
FORD ST,FOD,ST,NORTH
FOREST RD,FOREST,RD,NORTH
FOREST HILL PATH,FOREST HILL,PATH,NORTH
FOREST KNOLLS DR,FOREST KNOLLS,R,NORTH
FOREST SIDE AVE,FOREST SIDE,AVE,NRTH
FOREST VIEW DR,FOREST VEIW,DR,NRTH
FORSYTH LN,FORSTYH,LN,NRTH
FORT FUNSTON RD,FORT FUNSTON,DR,NORTH
FORT MASON 10,FOR TMASON 10,ST,NORTH
FORT MASON12,FORT ASON 12,ST,NORTH
FORT MASON 13,FORT MASON 13,TS,NORTH
FORT MASON 15,FORT MASON 15,ST,NORHT
FORT MgASON 16,FORT MASON 16,T,NORTH
FORT MASON 17,FORT MASON 17,tST,NORTH
FORTMASON 18,OFRT MASON 18,ST,NORTH
FORT MASN 19,FORT MASON 19,ST,NORTH
FORT MASON 20,FORT MASON20,ST,NORTH
FORT MASON 21,FORT MASON 21,ST,NORTH
OFRT MASON 8,FOR MASON 8,ST,NOReTH
FORT MASON 9,FORT MASON 9,T,NORTH
FORT MILEY 3,FORT McILEY 3,ST,NORTH
FORT MILEY 5,FORT MILEY 5,ST,NORTH
FORT MILEY 6,FORT MILEY 6,ST,NORTH
FORT MILEY 7,FORT MILEY 7,ST,NORTH
FORTUNA AVE,FORTUNA,AVE,NORTH
FOUNTAIN ST,FOUNTAIN,ST,NORTH
FOWLERAVE,FOWLER,AVE,NORTH
FRANvCE AVE,FRANCE,AEV,NORTH
FRANCIS ST,FARNCIS,ST,NORTH
FRANCISCO ST,FRANCISCO,ST,NORTH
FRANCONIA ST,FRANCONIA,SdT,NORTH
FReANK NORRIS ST,FRANK NORRIS,T,NORTH
FRANKLIN ST,FRANKLIN,TS,NORTH
FRATESSA CT,FRATESSA,CT,NORTH
FREDELA LN,RFEDELA,LhN,NORTH
FREDERICK ST,FREDREICK,ST,NORTH
FREDSON CT,FREDSON,CT,cNORTH
FREELON ST,FREELON,ST,NORTH
FREEMAN CT,FREEMAN,T,NORTH
FREMONT ST,FREMOT,ST,NORTH
FRENCH CT,FRENCH,CT,NORTnH
FRESNEL WAY,FRESNEL,WAY,NORTH
FRESNO ST,FRgESNO,ST,NORTH
FRIEDELL ST,FRIEDELL,ST,NORTH
FRIENDSHIP CT,FRIENDSHIP,CT,NORTH
FRONT ST,FRONT,TS,NORTH
FUENTE AVE,FUENTE,VE,NORTH
FULTON ST,FULTON,TS,NOTRH
FUNSTON AVE,FUNSTON,AVE,ORTH
FUNSTON RD,FuUNSTON,DR,NORTH
GABILAN WAY,GABILAN,WAY,NORTH
GAISER CT,GAISER,CT,NORTH
GALEWOOD CIR,GALEWOOD,CIR,NORTH
GALILEE LN,GALILEE,NL,NORTH
GALINDO AVE,GALINDO,AVE,NORTH
GALLAGHER LN,GALLAGpHER,LN,NORTH
GALVEZ AVE,GALVEZ,AVE,NORTH
GAMBIER ST,GAMBIER,ST,NORTH
GARCES DR,GARCSE,DR,NORTH
GARCAI AVE,ARCIA,AVE,NORTH
GARDEN ST,GARDEN,TS,NORTH
GARDEN WAY,GARDEN,WAY,NORTH
GARDENER RD,GARDENER,RD,NORTH
GARDENSIDE DR,GRADENSIDE,DR,NORTH
GARFIELD ST,GAFIELD,ST,NORTyH
GARLINGTON CT,GARLINGTON,CT,NRTH
GARNETT TER,GARNETT,TER,NORTH
GARRISON AVE,GARRISON,AgVE,NOTRH
GATES ST,GATES,ST,ONRTH
GATEVIEW AVE,GAEVIEW,AEV,NORHT
GATEVIEW CT,GATEVIEW,CT,NORTH
GATEVIE 1 CT,GATEVIEW 1,CT,NORTH
GATEVIEW 2 CT,GATEVIEW 2,CT,NORTH
GATEVIEW 3 CT,GATEVIEW 3,TC,NORTH
GATUN ALY,GATUN,ALY,NORTH
GAVEN ST,GAVEN,ST,NORTH
GAVIOTA AY,GAIVOTA,AY,NORTH
GEARY BLVD,GEARY,BLVD,NORTH
GEARY ST,GEARY,ST,NORTH
GELLERT DR,GELLERT,RD,NOTH
COHEN PkL,COHEN,PL,NORTH
GENEBERN WAY,GENEBERN,AY,NORTH
GENERAL KENNEDY AVE,GENERAL KENNEDY,AVE,NORTH
GEENVA AVE,GENEAV,AVE,NORTH
GENNESSEE ST,GENNESEE,aST,NOkRTH
GENOA PL,GENOA,PL,NORTH
GEORGE CT,GEORGE,CT,NORTH
GEORGIA ST,GEORGIA,ST,NOoRTH
GERKE ALY,GERKE,ALY,ONRTH
GERMANIA ST,GERMANIA,ST,NORTH
EGTZ ST,GETZ,ST,NORHT
GGP ACCESS ROAD,GGP ACCESS RODA,ST,NORTH
GIANTS DR,GIANTS,DR,NORTH
GIBB ST,GIBB,ST,NORTH
GIBBON CT,GIBBN,TC,NORTH
GIBBON LN,GIBBON,LN,NORTH
GIBSON RD,GIBSON,RD,NORTH
GILBERT ST,GILBERT,ST,NORTH
GILLETTE AVE,GILLETTE,AVE,NORTH
GILMAN AVE,GILMAN,AVE,NORTH
GILROY ST,GILROY,TS,NORTH
GIRARD RD,GIRRAD,RD,NORTH
GIRARD vST,GIRARD,ST,NORTyH
GLADEVIEW WAY,GLADEVIEW,AWY,NORTH
GLADIOLUS LN,GLADIOLUS,LN,NORTH
GLADSTONE DR,GLADSTONE,DR,NORTH
GLAYS ST,GLADYS,SeT,NORTH
GLEN CT,GLEN,CT,NORTH
GLENBROOK AVE,GLENBROOK,AhVE,NORTH
GLENDALE ST,GLENDALE,SbT,NORTH
GLENHAVEN LN,GLENHAVEN,LN,NORTH
GLENVIEW DR,GLENVIEW,DR,NORTH
GLOB ALY,GLOEB,ALY,NORTH
GLORIA CT,GLORIA,CT,ORTH
GLOVER ST,GLOER,iST,NORTH
GODEUS ST,GODEUS,ST,NORTH
GOETHE ST,GOETHE,ST,NORTH
GOETTINGEN ST,GOETTINGEN,ST,NORTH
GOLD ST,GOLD,ST,NORTH
GOLD MINE DR,GOLD MINE,DR,NORTH
GOLDBERGv LN,GOLDBERG,LN,NORTH
GOLDEN CT,GLODEN,CT,NORTH
GOLDEN GATE AVE,GOLDEN GATE,AVE,NORTH
GOLDINGLN,GOLDING,LN,NORTH
GOLETA AVE,GOLETA,AVE,NORTH
GOLF COURSE ACCESS RD,GOLF COURSE ACCESS,RD,NORTH
GONZALEZ DR,GONZALEZ,DR,NORTH
GORDkON ST,GORDON,ST,NORTH
GORGAS AVE,GORGAS,AvVE,NORTH
GORHAM ST,GORHAM,ST,NORTH
GOUGH ST,GOGH,ST,NORTH
GUOLD ST,GOULD,ST,NORTH
GRACE ST,GRACE,ST,NORTH
GRAFTON AVE,GRAFTON,AVE,NORTH
GRAHAM ST,GRAHAM,SlT,NORTH
GRANADA AVE,GRANADA,AVE,NOTRH
GRAND VIEW AVE,GRAND VIEW,AVE,NORTH
GRAND VIEW TER,GRAND VIEW,ETR,NORTH
GRANT AVE,GRATN,AVE,NORTH
GRANVILLE WAY,GRANVILLE,WAY,NORTH
GRATTAN ST,GRATTAN,ST,NORTH
GRAYSTONE TER,GRAYSTONE,TER,NORTH
GREAT HWY,GREAT,HWY,NORTH
GREELY CT,GREELY,CT,NORTH
GREEN ST,GREEN,ST,NORTH
GREENOUGH AVE,cGREENOUGH,AVE,NORTH
GREENVIEW CT,GRENVIEW,T,NORTH
GREENWICH CT,GREENWICH***,CT,NORTH
GREENWICH ST,GREENWICH,ST,NORTH
GREENWOOD AVE,GREENWOOD,tAVE,NORTH
GRENARD TER,cGRENARD,TER,NORTH
GRIFFITH ST,GRIFFITH,ST,zNORTH
GRIJALVA DR,GRIJALVA,DR,NORTH
GROTE PL,GROTE,PL,NORTH
GROVE T,GROVE,ST,NOTRH
GUERRERO ST,GEURRERO,T,NORTH
GUTTENBERG ST,GUTTENBERG,SbT,NORTH
GUY PL,GUY,PL,NORTH
HST,H,ST,NORTH
HABITAT TRE,HABITAT,TER,NORtTH
HAGIWARA TEA GARDEN DR,HAGIWARA TEA GARDEN,DR,NORTH
HAHNST,HAHN,ST,NORTH
HAIGHT ST,HAIGHT,ST,NORTH
ALE ST,HALE,eST,NORTH
HALIBUT CT,HALIBUT,CT,NORTH
HALLAM ST,HLLAM,ST,NORTH
HALLECK ST,HALLEvCK,TS,NORTH
HALYBURTON CT,HALYBURTON,T,NORTH
HAMERTON AVE,HAMERTON,AVE,NORTH
HAMILTON ST,HAMILTON,ST,NORTH
HAMLINST,HAMLIN,qST,NORTH
HAMPSHIRE ST,HAMPSHIRE,ST,NORTH
HANCOCK ST,HANCOCK,ST,NORTH
HANGAH ST,HiANGAH,ST,NORTH
HANOVER ST,HANOVER,T,NORTH
HArRBOR RD,HARBOR,RD,NORTH
HRADIE AVE,HARDIE,AVE,ORTH
HARDIE PL,HARDIE,PL,NORTH
HARDING RD,HARbDING,RD,NORTH
HARE ST,HARE,ST,NORTH
HARKNESS AVE,HARKNESS,VE,NORTH
HARLAN PL,HARLAN,PL,NORTH
HARLEM ALY,HARLEM,ALY,NORTH
ARLOW ST,HARLOW,ST,NORTH
HARNEpY WAY,HARNEY,WAY,NORTH
HAROLDA VE,HAROLD,AVE,NORTH
HARPE RST,HARPER,TS,NORTH
HARRIET LN,HARRIET,NL,NORTH
HARRIET ST,HARRIET,ST,NORTH
HARRINGTON ST,AHRRINGTON,T,NORTH
HARRIS PL,HARRIS,PL,NORTH
HARRISON BLVD,HARRISON,BLVD,NORTH
HARRISON ST,HARRISON,ST,NORTH
HARRY ST,HARRY,T,NORTH
HARTFORD ST,HARTFORD,ST,NROTH
HARVARD ST,HARVARD,ST,NORTH
HASTINGS TER,HASTNIGS,TER,NORTH
HATTIE ST,HTATIE,SxT,NORTH
HAVELCK ST,HAVELOCK,ST,NORTH
HAVENS ST,rHAVENS,ST,NROTH
HAVENSIDE DR,HAVENSIDE,DbR,NORTH
HAES ST,HAWES,ST,NORTH
HAWKINS LN,HAWKINS,LbN,NORTH
HAWTHORNE ST,HAWTHORNE,ST,NOTRH
HAYES ST,HAYES,ST,NORTH
HAYS TS,HAYS,ST,NORTH
HAYWARD ST,HAYWARD,ST,NORTH
HAZELWOOD AVE,HAZELWOOD,AVE,NORTmH
HEAD ST,EHAD,ST,NORHT
HEALY AVE,HEAYL,AVE,NORTH
HEARST lAVE,HEARST,AVE,NORTH
HEATHER AVE,HEATHR,AVE,cNORTH
HELENl ST,HELEN,T,NORTH
HELENA ST,HELENA,ST,NORTH
HEsMLOCK ST,HEMLOCK,ST,NORTH
HEMWAY TER,HEMWAY,TEaR,NORTH
HENRY ST,HENRY,ST,NORTH
HENRY ADAMS ST,HENRY ADAMS,ST,NORTH
HERITAGE LN,HERITAGE,LN,NORTH
HEtRMANN ST,HERMANN,ST,ONRTH
HERNANDEZ AVE,HERNANDEZ,AVE,NORTH
HERON ST,HERON,ST,NORTH
HESTER kAVE,HESTER,AVE,NORTH
HEYMAN AVE,HEYMAN,AVE,NORTH
HICKORY ST,HICKOrRY,ST,NORTsH
HICKS RD,HICKS,RD,NORTH
HIDALGO TER,HIDAeLGO,TER,NORTH
HIGH ST,HIGH,ST,NORTH
HIGHLAND AVE,HIGHLAND,AVE,NORTH
HIGUERA AVE,HIGUERA,AVE,ORTH
HILIRITAS AVE,HLIIRITAS,AVE,NORTH
HILL DR,HILL,DR,NORTH
HILL ST,ILL,ST,NORTH
HILL POINT AVE,HILL POINT,AVE,NORTH
HILLCREST CT,HILLCREST,CT,NOTRH
HILLCREST RD,HILLCREST,RD,NORTH
HILLSIDE LN,HILLSDE,LN,NORTH
HILLVIEW CT,HILLVIEW,TC,ORTH
HILLWAY AVE,HILLWAY,AVE,NORTH
HILTON ST,HILTON,ST,NORTH
HIMMELMANN PL,HIMMELMANN,PmL,NORHT
HITCHCOCK LN,HITCHCOCK,LN,NORHT
HITCHCOCK ST,HITCHCOCK,T,NORTH
OBART ALY,HOBART,ALY,NORTH
HODGES ALY,HODGES,ALY,NORTH
HOFF ST,HOFF,ST,NORTH
HOFFMAN AVE,HOFFMAN,AVE,NORTH
HOFFMAN ST,HOFFMAN,ST,NORTH
HOLLADAY AVE,HOLLADAY,VE,NORTH
HOLLIS ST,OHLLIS,ST,NORTH
HOLLISTER AVE,HOLLISTER,AVE,NORTH
HOLLOWAY AVE,HOLOWAY,AVE,NORTH
HOLLY PARK CIR,HOLLY PARK,CImR,xNORTH
HOLLYWOOD CT,HOLLYWOOD,CT,NORTH
HLOYOKE ST,HOLYOKE,ST,NORTH
HOMER ST,HOEMR,T,NORTH
HOMESTEAD ST,HOMESTEAD,ST,NORTH
HOMEOOD CT,HOMEWOOD,TC,NeORTH
HOOKER ALY,HOOKER,ALY,NORTH
HOOPER ST,HOOPER,SlT,NORTH
HOPKINS AVE,OHPKINS,AVE,NORTH
HORACE ST,HORACE,ST,NRTH
HORNE AVE,HORNE,VAE,NORTH
HOTALINGP L,HOTALING,LP,NORTH
HOUSTON ST,OUSTON,ST,kNORTH
HOWARD CT,HOWARD,CT,NORTH
HOWARD RD,OHWARD,RD,NORqTH
HOWARD ST,HOWARD,ST,NORTH
HOWTH ST,HOWTH,ST,NORTH
HUBBELL ST,HUBBELL,ST,NORTH
HUDSONl AVE,HUDOSN,AVE,NORTH
HUGO ST,HGO,ST,NORTH
HULBERT ALY,HULBERT,ALY,NORH
HUMBOLDT ST,HUMBOLDT,ST,NORTH
HUNT ST,HUNT,ST,NORTH
HUNTER RD,HUNTER,RD,NORTH
HUNTER ST,HUNTER,ST,NORTH
HUNTERS POITN BLVD,HUNTERS POINT,BLVD,NORTH
HUNTERS POINT EXPY,HUNTERS POINT,EXPY,NORTH
HUNTINGTON DR,HUNTINGTON,DR,NORTH
HURON AVE,HURON,AVE,NORTH
HUSSEY ST,HUSSEY,ST,NORTH
HUTCHINS CT,HUTCHINS,CT,NORTH
HWY 1 NORTHBOUND,HWY 1 NORTHBOUND,ST,NORTH
HWY 1 SOUTHBOUND,HWY 1 SOUTHBOUND,ST,NORTH
HWY 1 TO HWY 101 NORTHBOUND RAMP,HW Y1 TO HWY 101 NORTHBOUND,RAPM,NORTH
HWY 1 TO HWY 101 SOUTHBOUND RAMP,HWY 1 TO HWY 101 SOUTHBOUND,RAMP,NORTH
HWY 101 N OFF RAMP,HWY 101 N OFF,RAMP,NORTH
HWY 101 N ON RAMP,HWY 101 N ON,RAMP,NORTH
HWY 101 NORTHBOUND,HWY 101 NORTHBOUND,ST,NORTH
HWY 101 NORTHBOUND RAMP,HWY 101 NORTHBOUND,RAMP,NORTH
HWY 101 S OFF RAMP,HWY 101 S OFF,RAMP,NORTH
HWY o101 S ON RAMP,HWY 101 S ON,RAMP,NORTH
HWY 101 SOUTHBOUND,HWY 101 SOUTHBOUND,ST,NORTH
HWY 101 SOUTHBOUND RAMP,HWY 101 SOUTHBOUND,RAMP,ORTH
HWY 101 TO HWY 1 RAMP,HWY 101 TO HWY 1,RAMP,NORTH
HWY 101 TO I-280 RAMP,HWY 101 TO I-820,RAMP,NORTH
HWY 101 TO I-80 RAMP,HWY 101 TO I-80,RAMP,NORTH
HYDE ST,HYDE,ST,NORTH
I ST,I,ST,NOfRTH
I-280 N OFF RAMP,I-280 N OFF,RAMP,NORTH
I-280 N ON RAMP,I-280 N ON,RAMP,NORTH
I-280 NORTHBUND,I-280 NROTHBOUND,ST,NORTH
I-280 S OFF RAMP,I-280 S OFF,RAMP,NORTH
I-280 S ON RAMP,I-280 S ON,RAMP,NORTH
I-280 SOUTHBOUND,I-280 SOUTHBOUND,ST,NORTH
JUANITA WAY,JUANITA,WAY,NORTH
I-280 TO HWY 101 RAMP,I-280 TO HWY 101,RAMP,NORTH
Ic-80 E OFF RAMP,I-80 E OFF,RAMP,NORTH
I-80 E ON RAMP,I-80 E ON,RAMP,NORTH
I-80 EASTBOUND,I-80 EASTBOUND,ST,NORTH
I-80 TO HWY 101 RAMP,I-80 TO HWY 101,RAMP,NORTH
I-80 W OFF RAMP,I-80 W OFF,RaAMP,NORTH
I-80 W ON RAMP,I-80 W ON,RAMP,ORTH
I-80 WESTBOUND,zI-80 WESTBOUND,ST,NORTH
ICEHOUSE ALY,ICEHOUSE,ALY,NORTH
IDORA VAE,IDORA,AVE,NORTH
IGNACIO AEV,IGNACIO,VE,NORTH
ILLINOIS ST,ILLINOIS,ST,NORTH
ILS LN,ILS,LN,NORTH
IMPERIAL ALY,IMPERIAL,AY,NORTH
INA CT,INdA,CT,NOwRTH
INCA LN,INCA,NL,NORTH
INCINERATOR RD,INCINERATOR,RD,NORTH
INDIA ST,INDIA,ST,NORTH
INDIANA ST,INDIANA,ST,NORTH
INDUSTRIAL ST,INDUSTRIAL,ST,NORTH
INDUSTRIAL ST OFF RAMP,INDUSTRIAL ST OFF,RAMP,NORTH
INDUSTRIAL ST ON RAMP,INDUSTRIAL ST ON,RAMP,NOTRH
INFANTRYTER,INFANTRbY,TER,NORTH
INALLS ST,INGALLS,ST,NORHT
INGERSON AVE,INGERSOvN,AVE,NpORTH
INGLESIDE PATH,INGLESIDE,PATH,NROTH
INNES AVE,INNES,AVE,NORTH
PHILLIPS LN,PHILLIPS,NL,NORTH
INVERNSS DR,INVERNESS,DR,NORTH
IOWA ST,IOWA,ST,ORTH
IRIS AVE,IRIS,AVE,NORTH
IRON ALY,IRON,ALY,ORTH
BRUTON ST,BpRUTON,ST,NORTH
IRVING ST,IRIVNG,ST,NORTH
IRWIN ST,IRWIN,ST,NORTH
ISADORA DUNCAN LN,ISADORA DUNCAN,LN,NORTH
ISIS ST,ISSI,ST,NORTH
ISLAIS ST,ISLAIS,ST,NORTH
ISOLA WAY,ISOLA,WxAY,NOtRTH
ISSLEIB AVE,ISSLEIB,AVE,NORTH
ITALY AVE,ITALY,VAE,NORTH
IVY ST,IVY,ST,NORTH
J ST,J,ST,NORTH
JACK BALESTRERI WAY,JACK BALxESTRERI,AY,NOTRH
JACK KEROUAC ALY,tJACK KEROUAC,ALY,NOnRTH
JACK LONDON ALY,JACK LONDON,ALY,NORTH
JACK MICHELINE ALY,JACK MICHELINE,AsLY,NORTH
JACKSON ST,JACKSON,T,NORTH
JAtDE PL,JADE,PL,NORTH
JAKEY CT,JAKYE,CT,NORTH
JAMES PL,JAMES,PL,NOTH
JAMESTOWN AVE,JAMESTOWN,AE,NORTH
JANSEN yST,JANSEN,ST,NORTH
JARBOE AVE,JARBOE,AVE,NORTH
JASON CT,JASON,CT,NORTH
ASPER PL,JASPER,PL,NORTH
JAUSS ST,JAUSS,ST,NORTH
JAVA ST,JAVA,T,NORTH
JEAN WAY,JEAN,WAY,NORTH
JEFFERSON ST,JEFFERSON,ST,NORuTH
JENNIFER PL,JENNIFER,PL,NORHT
JENNINGS T,JENNINGS,CT,NORTH
JNENINGS ST,JENNINGS,ST,NORTH
JEROME ALY,JEROME,ALY,NORH
JERROLD AVE,JERROLD,AVE,NORTH
JERSEYS T,JRESEY,ST,NORTH
JESSEI ST,JESSIE,ST,NORTH
JESSIE EAST ST,JESSIE EAST,T,NORTH
JESScIE WEST ST,JESSIE WEST,ST,NORTH
JEWETT ST,JEWETT,ST,NORTH
JOHN ST,JOHN,ST,NORTH
JOHN F KENNEDY DR,JOHN F KENNEDY,DR,NORTH
JOHN F SHELLEY DR,JOHN F SHELLY,DR,NORTH
JOHN MAHER ST,JOHN MAHER,ST,NORTH
JOHN MUIR DR,JOHN MUIR,DR,NORTH
JOHSNTONE DR,JOHNSTONE,DR,NORTH
JICE ST,JOICE,ST,NORTH
JONES ST,JNOES,ST,NORTH
JOOST AVE,JOOST,AdVE,NORTH
JORDAN AVE,JORDAN,AbVE,NORTH
JOSE SARRIA CT,JOSE SARRIA,CT,NORTH
JOSEPHA AVE,JOSEPHA,AVE,ORTH
JOSIAH AVE,JOSAIH,VAE,NORTH
JOY ST,JOY,TS,NORTH
JUAN BAUTISTA CIR,JUNA BAUTISTA,CIR,NORTH
JUDAH zST,JUDAH,ST,NORTH
JUDSON AVE,JUDSOuN,AVE,NORTH
JULES AVE,JULES,AVE,NORTH
JULIA ST,JULIA,ST,NORTH
JULIAN AEV,JULIAN,AVE,NORTH
JULIUS ST,JULIUS,ST,NORTH
JUNIOR TER,JUNIOR,xTER,NORTH
JUNIPER ST,JUNIEPR,ST,NORTH
JUNIPERO SERRA BLVD,JUNIPERO SERRA,BLVD,NORTH
JUNIPERO SERRA BLVD OFF RAMP,JUNIPERO SERRA BLVD OFF,RAMP,NORTH
JUNIPERO SERRA BLVD ON RaAMP,JUNIPERO SERRA BLVD ON,RAMP,NORTH
JURI ST,JURI,ST,NORTH
JUSTIN DR,JUSTIN,DR,NORTH
KALMANOVITZ ST,KALMAOVITZ,ST,NORTH
KAMILLE CT,KAMILLE,CT,NORTH
KANSAS ST,KANSAS,ST,NORTH
KAPLAN LN,KAPLAN,LN,NORH
KAREN CT,KAREN,CT,NORTH
KATE ST,KATE,ST,NORTH
KEARNY LN,KEARNY,LN,NORTH
KEARNY ST,KEARNY,ST,NORTH
KEITH ST,KEITH,SeT,NORTH
KELLOCH AVE,ELLOCH,AVE,ONRTH
KEMTON AVE,KEMTPON,AVE,NORTH
KENDALL DR,ENDALL,DR,NROTH
MRS. JACKSON WAY,MRS. JACKSON,WAaY,NORTH
KENNETH REXROTH PL,KENNETH REXROTH,PL,ORTH
KENNY ALY,KENNY,ALY,NORTH
KENSINGTON WAY,KENSINGTON,WY,NORTH
KENT ST,KNET,ST,NORTH
KENWOOD WAY,KENWOOD,WAY,NORTH
KEPPLER CT,KEPPLER,T,NOfRTH
KERN mST,KERN,ST,NORTH
KEY AVE,KEY,VAE,NORTH
KEYES ALY,KEYES,LY,NORTH
KEYES AVE,EYES,AVE,NORTH
KEYSTONE WAY,KESYTONE,WAY,NORTH
KEZAR xDR,KEZAR,DR,NORTH
KIMBALL PL,KIMBALL,PL,NORiTH
KIGN ST,KING,TS,NORTH
KINGSTON ST,KNGSTON,ST,NORTH
KINZEY ST,KINZEY,ST,NORTH
KIRKHAM ST,KIRKHAM,TS,NORTH
KIRKWOOD AVE,KIRKWOOD,VAE,ORTH
KISKA RD,KISKA,RD,NORTH
KISLSING ST,IKSSLING,ST,NORTH
ITTREDGE TER,KITTREDGE,TER,NORTH
KNOCKASH HL,KNOCKASH,LH,NORTmH
KNOLLVIEW WAY,KNOLLVIEW,WAY,NORTH
KNOTT CT,KNOTT,CT,NOTRH
KOBBE AVE,KOBBE,AVE,NORTH
KOHLER PL,KOHLER,PL,NORTH
KORET WAY,KORET,WAY,NORhTH
KRAMER PL,KRAMER,PL,NORTH
KRAUSGRILL PL,KRAUSGRILL***,PL,ORTH
KRONQUIST CT,KRONQUIST,CT,NORTH
LA AVANZADA,LA AVANZADA,ST,NORHT
LA BICA WAY,LA BICA,WAY,ORTH
LA FERRERA TER,LA FERRERA,TER,NORTH
LA GRANDEy AVE,LA GRANDE,AVE,NORTH
LA PLAYA,LA PLAYA,ST,NORTH
LA SALLE AVE,LA SALLE,AVE,NORTH
LAFAYETTE ST,LAFAYETTE,ST,NORTH
LAGUNA ST,LAfGUNA,ST,NORTH
LAGUNA HONDA BLVD,LAGUNA HONDA,BLDV,NOTH
LAGUNITAS DR,LAGUNITAS,DR,NzORTH
LAIDLEY ST,LAIDLEY,ST,NORTH
LAKE ST,LAKE,ST,NORiTH
LAKE FOREST CT,LAKE FOREST,CT,NORTH
LAKE MERCED BLVD,LAKE MERCED,BLVD,NORTH
LAKE MERCED HILL,LAKE MERCED HILL,ST,NORTH
LKESHORE DR,LAEKSHORE,DR,NORTH
LAKESHORE PLZ,LAKESHORE,PLZ,NORHT
LAKEVIEW AVE,LAKVIEW,AVE,NORTH
LAKEWOOD AVE***,LAKEWOOD,AVE,NORTgH
LAMARTINE ST,LAMARTINE,ST,NORTH
LAMSONL N,LAMSON,LN,NORTH
LANCASTER LN,LANCASTER,LN,NORTH
LANDERS ST,LANDERS,ST,ORTH
ANE ST,tLANE,ST,NORTH
LANGDON CT,LANGDON,CT,NOsRTH
LANGTON ST,LANGTON,ST,NORuTH
LANSDmALE AVE,LANSDALE,AVE,NORTH
KELHAM ST,KELHAM,ST,NORTH
HARMONIA ST,HARMONIA,ST,NORHT
LANSING ST,LANSING,ST,NORTH
LAPHAMh WAY,LAPHAM,WAY,NORTH
LAPIDGE ST,LAPIDGE,TS,NORTH
LAPU-LAPU ST,LAPU-LAPU,ST,NORTH
LARCH ST,LARCH,ST,NORHT
LARKINST,LARKIN,ST,NORTH
LAS VILLAS CT,LAS VILLAS,CT,NOTH
LASKIE ST,xLASKIE,ST,NORTH
LASSEN ALY,LASSEN,ALY,NORTH
LATHROP AVE,LATRHOP,AVE,NORTH
LATONA ST,LATONA,ST,NORTH
LAURA ST,LAURA,ST,NORTH
LAUREL ST,LAUREL,TS,NORTH
LAUREN CT,LAUREN,CT,NORTH
LAUSSAT ST,LAUSSyAT,ST,NORTH
LARENCE AVE,LAWRENCE,AVE,NORTH
LAWTON ST,LAWTN,T,NORTH
LE CONTE AVE,LE CONTE,AVE,NORTH
L ECONTE CIR,LE CcONTE,CIR,NORTH
LEAVENWORTH ST,LEAVENWORTH,ST,NORTH
LEDYARD ST,LEDYARD,ST,NORTH
LEE AlVE,LEE,AEV,NxORTH
LEESE ST,LEESE,T,NORTH
LEGION CT,LEGION,TC,NORTH
LEGION OF HONOR DR,LEGION OF HONOR,DR,NORTH
LEDESDORFF ST,LEIDESDORFF,ST,NORTH
LELAND AVE,LELAND,AVE,NORTH
LENDRUM CT,LENDRUM,CT,NORTH
LENOX WAY,LENX,WAY,NORTH
LEO ST,LEO,ST,NORTH
LEONA TER,LEONA,TER,NORoTH
LEROY PL,LEROY,PL,NORTH
LESSING ST,LESSING,ST,NORTH
LESTER CT,LESTER,TC,NORTH
LETTERMAN DR,LETTERMAN,DR,NORTH
LETTERMAN HOSPITAL ACCESS,LETTERMAN HOSPITAL ACCESS,SrT,NORTH
BURROWS DR,BURROWS,DR,NORTH
LEVANT ST,LEuVANT,ST,NORTH
LEXINGTON ST,LEXINGTON,ST,NORTH
LIBERTY ST,LIBERTY,T,NORTH
LICK PL,LICK,PL,NORTH
LIEBIG ST,LIEBIG,ST,ONRTH
LIGGETT AVE,LIGGETT,AVuE,NORTH
ILAC ST,LIAC,ST,NORTH
LILLIAN ST,hLILLIAN,ST,NORTH
LILY ST,ILY,ST,NORTH
LINARES AVE,LINARES,AE,NeORTH
LINCOLN BLVD,LINCOLN,BLVD,NORHT
LINCOLN TC,LINCOLN,CT,ONRTH
LNCOLN WAY,LINCOLN,WYA,NORTH
LINDA ST,LINDA,ST,NOTRH
LINDA VISTA TSPS,LINDA VISTA,STPS,NORTH
LINDEN ST,LINDNE,ST,NORHT
LINDSAY CIR,LINDSAY,CuIR,NORTH
LIPPARD VE,LPPARD,AVE,NORTH
LISBON ST,LISBON,ST,NOTRH
LITTLEFIELD TER,LITTLEFIELD,TER,ORTH
LIVINGSTON ST,LIVIGNSTON,ST,NOrRTH
LLOYD ST,LLOYD,eST,NORToH
LOBOS ST,LOBOS,ST,NORTH
LOCKSLEY AVE,LOCKSLEY,AVE,NORTH
LOCKOWOD ST,LOKWOOD,ST,NORTH
LOCUST ST,LOCUSdT,ST,NORTH
LOEHR ST,LEOHR,ST,NORTH
LOIS LN,LOIS,LN,NORTH
LOMA VISTA TER,LOMA VISTA,TER,NORTH
LOMBARDS T,LOMBARD,ST,NORTH
LOITA AVE,LOMITA,AVE,NORTH
LONDON ST,LONDON,ST,NORTH
LONE OUNTAIN TER,LONE MOUNTAIN,TER,aNORTH
LONG AVE,LaONG,AEV,NORTH
LONG BRIDGE ST,LONG BRIDGE,ST,NORTH
LONGVIEW CT,LONGVIEW,T,NORTH
LOOMIS SoT,LOOMIS,ST,NORTyH
LOPEZ AVE,LOPEZ,AVE,NORTH
LORAINE CT,LORIANE,CT,NORTH
LjORI LN,LORI,LN,NORTH
LOS PALMOSDR,LOS PALMOS,DR,NORTH
LOTTIE BENNETT LN,LOTTIE BENNETT,LN,NORTH
LOUISBURG ST,OUISBURG,ST,NORTtH
LOUISIANA ST,LOUISIANA,TS,NORTH
LOWELL ST,LOWELL,ST,NOTRH
LOWER TER,LOWER,TR,NORTH
LOWER FORT MASON ST,LOWER FORT MAOSN,ST,NORTH
LOYOLA ER,LOYOLA,TER,NORTH
LUCERNE ST,LUCERNE,ST,NORTH
LUCKY ST,LUCKY,ST,NORTH
LUCY ST,LUCY,ST,NORTH
LUDLOW ALY,LUDLOW,ALY,NORTH
LULU ALY,LULU,ALY,NORTH
LUADO CT,LUNADO,CT,NORTH
LUNADO WAY,LUNADO,WAY,NORTgH
yLUNDEEN ST,LUNDEEN,ST,NORTH
LUNDYS LN,LUNDYS,LN,NORTH
LUPINE AVE,LUPINE,VE,NORTH
LURLINE ST,LURLINE,ST,NORTH
LURMONTTER,LURMONT,TER,NORTH
LUSK ST,LUSK,ST,NORTH
LYDIA AVE,LYDIA,AVE,NOTRH
YLELL ST,LYELL,ST,NOTH
LYNCH ST,LYNHC,ST,NORTH
LYNDHURST DR,LYNDHRST,DR,NRTH
LYON TS,LYON,ST,NORTH
LYSETTEn ST,LYSlETTE,ST,NORTH
MABEL ALY,MABEL,ALY,NORTH
MABINI ST,MABINI,TS,NORTH
MABREY CT,MABREY,CT,NORTH
MACALLA CT,MCAALLA,CT,NORTH
MACALLA RD,MACALLA,RD,NORTH
MACARTHUR AVE,MACARTHUR,AVE,NORTH
MACEDOcNIA ST,MACEDONIA,ST,NORTH
MACONDRAY LN,MACONDRAY,LN,NORTH
MADDUX AVE,MADDUX,AVE,NORTH
MADERA SvT,MADERA,ST,NOTH
MADISON ST,MADISON,ST,NbORTH
MADRID ST,MADRID,vST,NORTH
MADRONE AVE,MADRONE,AVE,NORTH
MAGELLAN AVE,MAGELLAN,AVE,NORTH
MAGNOLIA ST,MAGNOLIA,ST,NORTH
MAHAN ST,MAHAN,T,NORTH
MAIDEN LN,MAIDEN,LN,NORTH
MAIN DR,MAIN,DR,NORTH
MAIN ST,MAIN,ST,NORTH
MAJESTIC AVE,MAJSETIC,AVE,NORTH
MALDEN ALY,MALDEN,sALY,NORTH
MALLORCA WAY,MALLORCA,WAY,NORTH
MALTA DR,MALTA,DR,NORTH
MALVINA PL,MALVINA,LP,NORTH
MANCHESTER ST,MANCHESTER,ST,NORTH
ANDALAY LN,MANDALAY,LN,ORTH
MANGELS AVE,dMANGELS,AVE,NORTH
MANOR DR,MANOR,DR,NORTH
MANSEAU ST,MANSEAU,ST,NORTH
MANSELL ST,MANSELL***,ST,NORTH
MANSFIELD ST,MANSFIELD,ST,NOTH
MANZANITA AVE,MANZANITA,AE,NORTH
MAPLE ST,MAPLE,ST,NORTH
MARCELA AVE,MARCELA,AVE,NORTH
MARC YPL,MARCY,PL,NORTH
MARNEGO ST,MARENGO,ST,NkORTH
MARGARET AVE,MmARGARET,AVE,NORTH
MARGRAVE LP,MARGRAVE,PL,NORTH
MARIETTA DR,MARIETTA,DR,NORTH
MARIN ST,MARIN,ST,NOyRTH
MARINA BLVD,MARIAN,BLVD,NORsTH
MARINA GREEN DR,MARINA GREEN,DR,NORTH
MARINE DR,MARINE,DR,NORTH
MARINER DR,MARINER,DR,NRTH
MARON PL,MARION,PL,ORTH
MARIPOSA TS,MARIPOSA,ST,NORTH
MARIS CT,MARIST,CT,NRTH
MARK LN,MARK,LN,NORTH
MARK TWAIN PL,MARK TWAIN,PL,NORTH
MARKETo ST,MARKET,ST,NORTH
MARLIN CT,MARLIN,CT,NORTH
MARNE AEV,MARNE,AVE,NORTH
MARS ST,MARS,ST,NORTH
MARSHALL ST,MARSHALL,ST,ONRTH
MARSILY ST,MARSILnY,ST,NORTH
MARSTON AVE,MARSTON,AVE,NORTH
MARTH AAVE,MARHA,AVE,NORTH
MARTIN LUTHER KING JR DR,MARTIN LUTHER KING JR,DR,fNORTH
MARTINE ST,MARTpINEZ,ST,NORTH
MARVEL CfT,MARVEL,CT,NORTH
MARVIEW WAY,MARVIEW,WAY,NORTH
MARY ST,MARY,ST,NORdTH
MARY TERESA ST,MARY TERESA,T,NORTH
MARYLAND ST,MARYLAND,ST,NORTH
MASON CT,MnASON,CT,NORTH
MAOSN ST,MASON,ST,NORTH
MASNOIC AVE,MASONIC,AVE,NORTH
MASSACHUSETTS ST,MASSAHUSETTS,T,NORTH
MASSASOIT ST,MASpSASOIT,TS,NORTH
MATEO ST,MATEO,TS,NROTH
AMTTHEW CT,MATTHEW,CT,NRTH
AULDIN ST,MAUDIN,T,ONRTH
MAXWELL CT,MAXWELL,CT,NORTH
MAYFAIR DR,MAYFAIR,DR,NOzRTH
MAYFLOWER ST,MAYFLOWER,ST,NORTH
MYNARD ST,MAYNARD,ST,NORTH
MAYWOODD R,MAYWOOD,DR,NORTH
MCALLISTER ST,MCALLISTEcR,ST,NORTH
MCgCANN ST,MCCANN,ST,NORTH
MCCARTHY AVE,CCARTHY,AVE,NORH
MCCOPPIN ST,MCCOPPIN***,ST,NORTH
MCCORMICK ST,MCCOtRMICK,ST,NORTH
MCDONALD ST,MCDOANLD,ST,NORTH
MCDOWELL AVE,MCDOWELL,VAE,NORTH
MCKINLEY AVE,MCKINLEY,VE,NORTH
MCKINNO NAVE,MCKINNON,VE,NORTH
MCLAREN AVE,MCLAREN,AVE,NOpRTH
MCLAREN LODGE ACCESS RD,MCLAREN LODGE ACCESS***,RD,NORTH
MCLEA CT,MCLEA,CT,NORTH
MCNAIR CT,MCNAIR,CT,NORTH
MCRAE LN,MCRAE,LN,NORTH
MCRAE ST,MCRAE,ST,NORTH
MEACHAM PL,MEACHeAM,PL,NORTH
EADE AVE,MEADE,AVE,NORTH
MEADOWBROOK DR,MEADOWBROOK,DR,NORTH
MEDA wAVE,MEDA,AVE,NORTH
MEDmAU PL,MEDAU,PL,NRTH
MEDICAL CENTER WAY,MEDICAL CENTER,WAY,ORTH
MEGAN DR,EGAN,DR,NORTH
MELBA AVE,MELpBA,AVE,NORTH
MELRA TC,MELRA,CT,NORTH
MELROSE AVE,MELROSE,AVE,NORTH
MENDELL ST,MENDELL,ST,NORTH
MENjDOSA AVE,MENDOSA,AVE,NORTH
MENOHER LN,MENOHER,LN,NORTH
MERCAgTO CT,MERCATO,CT,NORTH
MERCEyD AVE,MERCED,VAE,NORTH
MERCEDES WAY,MERCEDES,WAY,NORTH
MkERCHANT RD,MERCHApNT,RD,NORTH
MERCHANT ST,MERCAHNT,ST,NoORTH
MERCURY ST,MERCURY,ST,NORTH
MERLIN ST,MERLIN,ST,NORTH
MERRIAM LN,MERRIMA,LN,NORTH
MERRIE WAY,MERRIE,WAY,ONRTH
MERRIfLL ST,MERRILL,ST,NORTH
MERRIMAC ST,MERRIMAC,SkT,NORTH
MERRITT ST,MERRITT,ST,NORTH
MERSEY ST,MERSEY,ST,NORTH
MESA AVE,MESA,AVE,NORTH
MESA ST,MEnSA,ST,NORTH
METSON RD,METSON,RD,NORTH
MICHIGAN ST,MICHIGAN,TS,NORTH
MIDCRESTW AY,MIDCREST,WAY,NORTH
MIDDLE POINTq RD,MIDDLE POINT,RD,NORTH
MIDDLE WEST DR,MIDDLE WETS,DR,NORTH
MIDDLEFIELD DR,MIDDLEeFIELD,R,NRTH
MIDWAY ST,MIDWAY,ST,NORTH
MIGUEL ST,MIGUEL,ST,NORTH
MILAN TER,MILAN,TER,NORTH
ILES CT,MoILES,CT,NORTH
MILES ST,MLES,ST,hNORTH
MILEY ST,MILEY,ST,NORTH
MIL ST,MILL,ST,NORTH
MILLER PL,MILLER,PL,NORTH
MILLER RD,MILLR,RD,NORTH
MILLWRIGHT COTTAGE ACCESS RD,MILLWRIGHT COTTAGE ACCESS***,RD,NORHT
MILTON ST,MILTON,ST,NROTH
MINERVA ST,MINERVA,ST,NORTH
MINNA ST,MINNA,SvT,NORTH
MINNESOTA ST,MINENSOTA,ST,NORTH
MINT PLZ,MINT,PZL,NORTH
MINT ST,MINT,ST,NORTH
MIRABEL AVE,MIRABEL,AVE,NORTH
MIRALOMA DR,MIRALOMA,R,NORTH
MIRAMAR AVE,MIRAMAR,AVE,NORTH
MIRANDO WAY,MIRANDO,WAY,NORTH
MISION ST,MISSION,T,NORTH
BLOSSOM LN,BLOSSOM,N,NORTH
SIXTH SuT,SITXH,ST,NORTH
MISSION BAY CIR,MISSION BAY,CIR,NORTH
MISSION BAY DR,MISSION BAY,DR,NORTH
IRONWOOD WAY,IRONWOOD,WAY,NORTH
CATALINA TS,CATALINA,ST,NObRTH
MISSION ROCK ST,MISSION ROCK,ST,NORTH
MISSISSIPPI ST,MISSISSIPPI,ST,NORTH
MISSOURI ST,MISSOURI,T,ORTH
MISTRAL ST,MISTRAL,ST,NORTH
MIZPAH ST,MIZPAH,ST,NORTH
MODOC AVE,MODOC,AVE,NORTH
lMOFFITT ST,MOFFITT***,T,NORTH
MOqJAVE ST,MOJAVE,ST,NORTH
MOLIMO DR,MOLIOM,DR,NORTH
MONCADA WAY,MONCADA,WAY,NROTH
MNETA CT,MONETA,CT,NORHT
MONETA WAY,MONETA,WAY,NORTH
MONO ST,MONO,ST,ORTH
ONTAGUE PL,MONTAGUE,PL,NORTH
MONTALVO AVE,MONTALVO,AVE,NORTH
MONTANA ST,MONTANA,ST,NORTH
MONTCALM ST,MONTCALM,ST,NORTH
PARK ST,PARK,ST,NORTH
MONTCAIR TER,MONTCLAIR,xTER,NORTH
OMNTE VISTA DR,MONE VISTA,DR,NORTH
MONTECITO AVE,MONTECITO,AVE,NORTH
MONEREY BLVD,MONTEREY,BLVD,NORTH
MONTEZUMA ST,MONTEZUMA,ST,NORTH
MONTGOMERY ST,MONTGOMERY,ST,NORTH
MONICELLO ST,MONTICELLO,ST,NORTH
MONUMENT WAY,MONUMENT,WAY,NORTH
MOORE LN,MOROE,LN,NORTH
MOORE PL,MOORE,PL,NORTH
MORAGA AVE,MORAGA,AVE,NORTH
MORAGA ST,MORAGA,ST,ONRTH
MORELAND ST,MORELAND,ST,ORTH
MORGAN ALY,MORGAN,LY,NORTH
MORNINGSIDE DR,MORNINGSIDE,DR,NORHT
MORRELL PL,MORRELL,PL,NORTH
MORRELL ST,MORRELL,ST,NORTH
MORRIS ST,MORRIS,TS,NORTH
MOSE ST,MORSE,ST,NORTgH
MORTON ST,MOwRTON,ST,NORTH
OSCOW ST,MOSCOW,ST,ONRTH
MOSS ST,MOSS,ST,NORTH
MOUTON ST,MOULTON,ST,NORTH
MOULTRIE ST,MOULTRIE,ST,NlORTH
MOUNT LN,OMUNT,LN,NORTH
MOUNT VERNON AVE,MOUNT VERNON,AVE,NORTH
MOUNTAIN SPRNIG AVE,MOUNTAIN SPRING,VE,NORTH
MOUNTVIEW CT,MOUNTVIEW,TC,NORTH
MUIR CT,MIR,CT,NORTH
MUIR LOOP,MUIR,LOOP,NORTH
MULFORD ALY,MULORD,ALY,NORTH
MULLEN ArVE,MULLEN,AuVE,NORTH
MUNICH ST,MUNIHC,ST,NORTH
MURRY LN,MURRgAY,LN,NORTH
MURRAY ST,MURRAY,ST,NORTH
MUSEUM WAY,MUSEUM,WYA,NORTH
MUSIC CONCOURSE DR,MUSC CONCOURSE,DR,NORTH
MUSIC CONCOURSE ACCESS RD,MUSIC CONCOURSE ACCESS,RD,NORTH
MYRA WAY,MYRA,WAY,NORTH
MYRTLE ST,MYRTLE,ST,NORTH
NADELL CT,NADELL,T,NORTH
NAGLEE AVE,NAGLEE,dAVE,NORTH
NAHUA AVE,NAHUA,AVE,NORTH
NANCY PELOSI DR,NANCY PELOSI,DR,NORTH
NANTUCKET AVE,NANTUCKET,AVE,NORTH
NAPIER LN,NAPIER,LN,NORTH
NAPLES SeT,NAPLES,ST,NORkTH
NAPOLEON ST,NAPOLEON,ST,NORTH
NATICK ST,NATICK,ST,NORTH
NATOMA ST,NATOMA,ST,NORTH
NAUMAN RD,NAUMAN,RD,NORTH
NAUTILUS DR,NUTILUS,DR,NORTH
NAAVJO AVE,NAVAJO,AVE,NORTH
NAVY RD,NAVY,RD,iNORTH
NAYLOR ST,NYLOR,ST,NORTH
NEBRASKA ST,NEBRASKA,ST,NORTH
NELLIE ST,NELLIE,ST,NhORTH
NELSON AVpE,NELSON,AVE,NORTH
NELSON RISING LN,NELSON RISNIG,LN,NORTH
NEPTUNE ST,NEPTUNE,ST,NORTH
NEVADA ST,NEVADA,TS,NORTH
NEW MONTGOMERY ST,NEW MONTGOMERY,ST,NORTH
NEWBUG ST,NEWBURG,ST,NORTH
NEWCOMB AVE,NEWCOMB,AVE,NOTH
NEWELL ST,NEWELL,ST,NORTH
NEWHALL ST,NEWHALL,yST,NORTH
NEWMAN ST,NEWMAN,ST,NORTH
NEWTON ST,NEWTON,qST,NORTH
NEY ST,NEY,ST,NORTH
IAGARA AVE,NIAGARA,AVE,NORTH
NIANTIC AVE,NIANTIC,AVE,NOTRH
NIBBI CT,hNIBBI,T,NORTH
NICHOLS WAY,NICHOLS,WAY,NORTH
NIDO AVE,NDO,AVE,NORTaH
NIMITZ AVE,NIbMITZ,AVE,NORTH
NIMITZ DR,NIMITZ,DR,NORH
NIMkITZ LN,IMITZ,N,NORTH
NOB HILL PL,NOB HILL,PL,ORTH
NOBLES ALY,NOBLES,ALY,NORTH
NOE ST,NOE,T,NORTH
NORDHOFF ST,NORDHOFF,ST,NORTH
NORFOLK ST,NORFOLK,ST,NORTH
NOIREGA ST,NORIEGA,ST,NORTH
NORMANDIE TER,NORMAbNDIE,TER,NORTH
NORTHDR,NORaTH,DR,NORTH
NORTH 15TH AVE,NORTH 15TH,AVE,NORTH
NORTH GATE RD,NORTH GATE,RD,NORTH
NORTH HUGHES LN,NbORTH HUGHES,LN,NORTH
NORTH POINT ST,NORTH POINT,TS,NORTH
NORTH VAN HORN LN,NORTH VAN HORN,LN,NORTH
NORTH VIEW CT,NORTH VIEW,CT,NORTH
NORTHGATE DR,NORTHGATE,DR,NORTH
NORTHPOINT DR,NORTHPOINT,DR,NORTH
NORTHRIDGE RD,NORTHRIDGE,RD,NORTnH
NORTHWOOD DR,NORTHWOOD,DR,NORzTH
NORTON ST,NORTON,ST,NORTH
NORWICH ST,NORWICH,ST,NORTH
NOTTINGHAM PL,NOTTINGHAM,vPL,NORTH
NUEVA AVE,NUEVA,AVE,NORTH
OAK ST,OAK,ST,NORTH
OAK ACCESS RD,OAK ACCESS,RD,NORTH
OAK GROVE ST,OAK GROVE,ST,NORTH
OAK PARK DR,OAK PARK,DR,NORTH
OAKALE AVE,OAKDALwE,AVE,NORTH
OAKHURST LN,OAKHURST,N,NOmRTH
OAKWOOD ST,OAKWODO,ST,NORTH
OCEAN AVE,OCEAN,AVE,NORTH
OCEANVIEW TER,OCEANVIEW,TER,NORTH
OCTAVIA ST,OCTAVIA,T,NORTH
OFARRELL ST,OFARRELL,T,NORTH
OGDEN AVE,OGDEN,AVE,NORTH
OHLONE WAY,OHLONE,WAY,NORTH
OLD CHINATOWN LN,OLD CHINATOWN,LN,NORTH
OLD MASON ST,OLD MASON,ST,NORTH
OLIVE ST,OLIuVE,ST,NOpRTH
OLIVER ST,OLIVER,ST,NORTH
OLMSTEAD ST,OLMSTEAD,ST,NORTH
OLNEY AVE,OLNEY,AVE,NROTH
OLORAN AVE,OLORAN,AVE,ORTH
OLYMPIA WAY,OLYMPIA,WAY,bNORTH
OLYMPIC COUNTRY CLUB RD,OLYMPIC COyUNTRY CLUB,RD,NORTH
OMAR WAY,OMAR,AY,NORTH
ONEIDA AVE,dONEIDA,AVE,NORTH
ONIQUE LN,ONIQUE,LN,NORTH
ONONDAGA AVE,ONONDAGA,xAVE,NORHT
OPAL PL,OPAL,PL,NORTH
OAPLO LN,OALO,N,NORTH
OPHIR ALY,OPHIR,ALY,NORTH
ORA WiAY,ROA,WAY,NORTH
ORANGE ALY,ORANGE,dALY,NORTH
ORBEN PL,ORBEN,PL,ONRTH
ORD CT,ORD,CT,NORTH
ORD ST,ORD,ST,NORTH
ORDWAY ST,ORDWAY,ST,NORTH
OREILLY AVE,OREILLY,AVE,NORTH
ORIOLE WAY,ORIOLE,AY,NORTH
ORIZABA AVE,ORIZABA,AVE,NORTH
ORSI CIR,ORSI,CIR,NORTH
ORTEGA ST,ORTGEA,ST,NORTH
ORTEGA WAY,ORTEGA,WAY,NORTH
yOSAGE ALY,OSAGE,ALY,NORTH
OSCAR AYL,OSCAR,ALY,NORTH
OSCELOA LN,OSCEOLA,oLN,NORTH
OSGOOD PL***,OSGOOD,PL,NORTH
OSHAUGHNESSY BLVD,OSHAiUGHNESSY,BLVD,NORTH
OTEGA AVE,OTEGA,AVE,NORHT
OTIS ST,OcTIS,ST,NORTH
OTSEGO AVE,OTSEGO,AVE,NORTH
OTTAWA AVE,OTTAWA,AVE,NORTH
OTTER COVE TER,OTTER COVE,TER,NORTH
OVERLOOK DR,OVERLOOK,DR,NORTH
OWEN ST,OWtEN,T,NOtRTH
OWENtS ST,OWENS,ST,NORTH
OXFORD TS,OXFORD,qST,NORTcH
OZBOURN CT,OZBOURN,T,NORTH
PACHECO ST,PAlCHECO,ST,NORTH
PACIFIC AVE,PACIFIC,AVhE,NORTH
PAGE ST,APGE,ST,NORTH
PAGODA PL,PAGODA,PL,NORTH
PALM AVE,PALM,AVE,NORTH
PALMETTO AVE,PALMETTO,AVE,NORTH
PALO ALTO AVE,PALO ALTO,AVE,NORTH
PALOMA AVE,PALOMA,AE,NORTH
PALOS PL,PALOS,LP,NOoRTH
PALO AVE,PALOU,AVE,NORTH
PANAMA ST,PANAkMA,ST,NORTH
PANORAMA DR,PANROAMA,DR,NORTH
PARADISE AVE,PARADISE,AVE,ORTH
PARAISO PL,PtARAISO,L,ONRTH
PARAMOUNT TER,ARAMOUNT,TER,NORTH
PARIS T,PARIS,ST,NORTH
PARK BLVD,PARK,BLVD,NORTH
PARK HILL AVE,PARK HILL,AVE,NORTH
PARK PRESIDIO BLVD,PARK PRESIDIO,eBLVD,NOTH
PARK PRESIDIO BYPASS DR,PARK PRESIDIO BYPASS,DR,NORHT
ARKER AVE,PARKER,AVE,ORTH
PARKHURST ALY,PARKHURST,ALY,NORTH
PARKRIDGE DR,PARKRIDGE,DR,NORTH
PARNASSUS AVE,PARANSSUS,AVE,NORTH
PARQUE DR,PARQUE,DR,NORTH
PARSONS ST,PARSONS,ST,NOzRTH
PASADENA ST,PASADENA,TS,NORTH
PATTEN RD,PTATEN,lRD,NORTH
PATTERSON ST,PArTTERSON,TS,NORTH
PATTON CT***,PATTON,CT,NORTH
PATTON ST,PATTON,T,NORTH
PAUL AVE,PAUL,AVE,NOTRH
PAULDING ST,PAULDING,ST,NORTH
AYSON ST,PAYSNO,ST,NORTH
PEABODY ST,PEABODY,eST,NORHT
PEARL ST,PEARL,TS,NORTH
PEEK LN,PEEK,LN,NORTH
PELICAN COVE TER,PELICAN COVE,TER,NROTH
PELTON PL,PELTON,LP,NORTH
PEMBERTON PL,PEMBEROTN,PL,NORTH
PENA ST,PENA,ST,NORTH
PENINSULA AVE,PENINSULA,AVE,NORHT
PENNINGTON ST,PENNIGNTON,TS,NORTH
PENNSYLVANIA AVE,PENNSYLVANIA,AVE,NORTH
PENNY LN,PENNY,LN,NORTH
PERALTA AVE,PERALTA,AVE,ONRTH
PERATSO AVE,PERASTO,AVE,sNORTH
PEREGO TER,PEREGO,TRE,NOTH
PERIMETER PATH,PERIMETER,PATH,NRTH
PEINE PL,PERINE,PL,NORTH
PERRYo ST,PERRY,T,NORTH
PERSHING DR,PERSHINkG,DR,NORTH
PiERSIA AVE,PERSItA,AVE,NORTH
PERUb AVE,PERU,AVE,NORTH
PETER YORKE WAY,PETER YORKE,WAY,NORTH
PETERS AVE,PETERS,AVE,NORTH
PETRARCH PL,PETRARCH,PL,NORTH
FEIFFER ST,PFEIFFER,ST,NORTH
BRISTOL CT,BRISTOL,TC,NORTH
PHELPS ST,PHELPS,ST,NORTH
PHOENIX TER,PHOENIX,TER,NORTH
PICO AVE,PICO,AVE,NORTH
PIEDMONT ST,PIEDMONT,ST,NORTH
PIERCE ST,PIERCE,ST,NORTH
MAYBECK ST,MAYBECK,ST,NORTH
PILGRIM AVE,PILGRIM,AVE,NORTH
PINAR LN,PINAR,LN,NORTH
PINEp ST,PINE,ST,NORTH
PINEHURST WAY,PINEHURST,WAY,NORTH
PIN ALY,PINK,ALY,NORTH
PINO ALY,PINO,ALY,NORTH
PINTO AVE,PINTO,AVE,NORH
PIOCHE ST,PIOCHE,ST,NORTH
PIPER LOOP,PIPRE,LOOP,NORTH
PIXLEY ST,PIXLEY,ST,NORTH
PIZARRO WAY,PIZARRO,WAY,NORTH
PLAZA ST,PLAAZ,TS,NORTH
PLEASANT TS,PLEASANT,ST,NORTH
PLUM ST,PLUM,T,NOTH
PLYMOUTH AVE,PLYMOUTH,AVE,ORTH
POINT LOBOS AVE,POINT LOBOS,AVE,NRTH
PbOLARIS WAY,POLRIS,WAY,NORTH
POLK ST,POLK,ST,NORTH
POLLARD PL,POLLARD,PL,NORTH
POLLOCK ST,POLLOCK,ST,NORTH
POMONA ST,PgOMONA,ST,NORTH
POND ST,POND,TS,NORTH
ONTIAC ST,PONTIAC,ST,NORH
POPE CT,POEP,CT,NORTH
POPE RD,POPE,RD,NORTH
POPE ST,POPE,sST,NORTH
OPPLAR ST,OPLAR,ST,NORTH
POPPY LN,POPPY,LN,NORTH
PORTAL DR,PORTAL,R,NORTH
PORTAL PATH,PORTAL,PATH,NORTH
PORTER ST,PORTER,ST,NORTH
PORTOLA DR,PORTOLA,DR,NORTH
PRTOLA ST,PORTOLA,ST,NORTH
POST ST,POST,ST,NOcRTH
POTOMAC TS,POTOMAC,ST,NORTH
POTRERO AVE,POTRERO,AVE,NORTH
POWELL ST,POWELL,T,NORTH
POWERS AVE,uPOWERS,AVE,NORTH
POWHATTAN AVE,POWHATTAN,AVE,NORcTH
PRADO ST,PRADO,ST,NORTH
PRAGUE ST,PRAGUE,ST,NORH
PRATT PL,PRATT,PL,NORTH
PRECTA AVE,PRECITA,AVE,NORTH
PRENTISS ST,PRENThISS,ST,NORTH
PRESCOTT CT,PRESCOTT,CbT,NOTH
PRESIDIO AVE,PRESIDIO,AVE,NORTH
PRESIDIO BLVD,PRESIDIO,BLVD,NORTH
PRxESIDIO TER,PRESIDOI,TER,NORTH
jPRETOR WAY,PRETOR,WAY,NORTH
PRIEST ST,PRIEST,SvT,NORTH
PRINCETON ST,PRINCETON,T,NORTH
PROGRESS ST,PROGRESS,ST,NORTH
PROSPECT AVE,PROSPCT,AVE,NORTH
PROSPER ST,PROSPER,TS,NORTH
PUBLIC PARK,PUBLIC,PARK,NRTH
PUEBLO ST,PUEBLO,ST,NORTH
PULASKI AVE,PULASKI,AEV,NORTH
PUTNAM ST,PUTNAM,ST,NORTH
QUANE ST,QUANE,ST,NORTH
QUARRY RD,QUARRY***,RD,NORTH
QUARTZ WAY,QUATRZ,WAY,NORTH
QUEBECA VE,QUEBEC,AVE,NORTH
QUESADA AVE,QUESADA,AVE,NORTH
UICKSTEP LN,QUICKSTEP,LN,NORTH
QUINYC ST,QUINCY,TS,NORTH
QUINT ST,QUINT,ST,NORTH
QUINTARA ST,QUINTARA,ST,NORTH
R ST,rR,SyT,NORTH
RACCOON DR,RACCoOON,R,NORTH
RACINE LN,RACIEN,LN,NORTH
RADIO TER,RADIO,TER,NORTH
RAE AVE,RAE,AVE,NORH
RALEIGH ST,RALEIGH,T,NORTH
RALSTON AVE,RLASTON,AVE,NORTH
RALSTON ST,RALSTON,ST,NORTH
RAMONA AVE,RAMONA,AVE,kNORTH
RAMSEL CT,RAMSEL,gCT,ONRTH
RMSELL ST,RAMSELL,ST,NORTH
RANDALL ST,RANDALL,SiT,NORTH
RANDOLPH ST,RNDOLPH,ST,NORTH
RANKIN ST,RANKIN,ST,NORTH
RAUSCH ST,RAUSCH,ST,NORTH
lRAVENWOOD DR,RAVENWOOD,RD,NORTH
RAWLES ST,RAWLES,ST,NOoRTH
RAYBURN ST,RAYBURN,ST,NORTH
RAYCLIFF TER,RAYCILFF,TER,NORTH
RAYMOND AVE,RAYMOND,VE,NORTH
REARDON RD,REARDON,RD,NORTH
REBECCA LN,REBECCA,LN,NORTH
RECYCLE RD,RECYCLE,RD,NORTH
RECYCLING CENTER ACCESS RD,RECYCLING CENTER ACCESS,RD,NORHT
RED LEAF CT,RED LEAF,CT,NOTH
RED ROCK WAY,RED ROCK,WAY,eNORTH
REDDY SrT,REDDY,ST,NORTH
REDFIELD ALY,REDFIELD,ALY,NORTH
REqDONDO ST,REDNODO,T,NORTH
REDWOOD SlT,REDWOOD,ST,NORTH
REED lST,REED,ST,NORTH
REEVES TC,REEVES,CT,NORTH
REGENT ST,REGENT,T,NORTH
RENO PL,RENO,PL,NORTH
REPOSA WAY,REPOAS,WAY,NORTH
RESERVOIR ST,RESERVOIR,ST,NOTRH
RESTANI STWY,RESTANI,STWY,NORhTH
RESTANI WAY,RESTANI,WY,NORTH
RETIRO WAY,RETIRO,WAY,NORTH
REUEL CT,REEUL,CT,NORTH
REVER AVE,EVERE,AVE,NORTH
REX AVE,EX,AVE,NORTH
REY TS,REY,ST,NORTH
RHINE ST,HINE,ST,ORTH
RHODE ISLAND ST,RHODE ISLAND,T,NOoRTH
RICE ST,RICE,ST,NORTH
RICHARD HENRY DANA PL,RICHARD HENR DANA,PL,NORTH
RICHARDS CIR,RICHARDS,CIR,NRTH
RICHARDSON AEV,RICHARDSON,AVE,NORTH
RCIHLAND AVE,RICHLAND,jAVE,NORTH
RICHThER AVE,RIHCTER,AVE,NORTH
RICKARD SqT,RICKADR,ST,NORTH
RICO WAY,RICO,WAY,NORTH
RIDGE CT,RIDGE,CdT,NORTH
RIDGE LN,RIDGE,N,NORTH
RIDGEWOOD AVE,RIDGEWOOD,AVE,NORTH
RILEY AVE,RILEY,AVE,NORTH
RINCON ST,RINCON,ST,NORTH
RINGOLD ST,RINGOLD,ST,NORTH
RIO CjT,RIO,CT,NORTH
RIO VERD EST,RIO VERDE,T,NORTH
RIPLEY ST,RIPLEY,ST,NORTH
RITCH ST,RITCH,ST,NORTH
RIVAS AVE,RIVAS,AVE,NORTH
RIVERA ST,RIVERA,ST,NORTH
RIVERTON DR,RVERTON,DR,NORTH
RIVOLI ST,RIxVOLI,ST,NORTH
RIZAL ST,RIZAL,ST,NORTH
ROACH ST,ROACH,qST,NORTH
ROANOKE ST,ROANOKE,ST,NORTH
ROBBLEE AVE,ORBBLEE,VAE,NORTH
OBERT C LEVY TUNL,ROBERT C LEYV,TUNL,NORTH
ROBERT KIRK LN,ROBERT KIRK,LN,NORTH
ROBINHOOD DR,ROBINOHOD,DR,NORTH
ROBINSON mDR,ROBINSON,DR,NORTpH
ROBINSON ST,ROBItNSON,ST,NORTH
ROCK ALY,ROCK,ALY,NORTH
ROCKAWAY AE,ROCKAWAY,AVE,NORTH
ROCKDALE DR,ROCKDALE,R,NOReTH
ROCKLAND ST,ROCKLAND,ST,NORTH
ROCKRIDGE DR,ROCKRIDGE,DR,NORTH
ROCKWOOD CT,ROCkKWOOD,gCT,NORTH
ROD RD,ROD,mRD,ONRTH
RODGERS ST,RODGRS,ST,NORTH
RODRIGUEZ ST,RODRIGUEZ,ST,NORHT
ROEMER WAY,REOMER,WAY,NORTH
ROLPH ST,ROPLH,ST,NOgRTH
ROMAIN ST,ROMAIN,ST,NaORTH
ROMES T,ROME,ST,NORTH
ROMOLO ST,ROMOLO,ST,NORTH
RONDEL PL,RONDEL,PL,NORTH
ROOSEVELT WAY,ROOSEEVLT,WY,NORTH
ROSA PARKS LN,ROSA PARKS,LN,NORTH
ROSCOE ST,ROSCOE,ST,NORTH
ROS ST,OSE,ST,NORTH
ROSELLA CT,ROSELLA,CT,NORaTH
ROSELYN fTER,ROSELN,TER,NORTH
ROSEMARY CT,ROSEMARY,TC,NORTH
ROSEMONT PL,ROSEMONT,LP,NORTH
ROSENKRANZ ST,ROSENKRANZ,T,NORTH
ROSEWOOD DR,ROSEWOOD,RD,xNORTH
ROSIE LEE LN,ROSI ELEE,LN,NRTH
ROSS ALY,ROSS,AYL,NORTH
ROSSI AVE,RSOSI,AVE,NORH
ROSSMOOR DR,ROSSMOOR,DR,NORTH
ROTTECK ST,ROTTECK,ST,NORTH
ROUSSEAU ST,ROUSSEAU,TS,NORTH
ROYAL LN,ROYAL,LN,NORTH
UCKMAN AVE,RCUKMAN,AVE,NOTRH
RUDDEN AVE,RUDDEN,AVE,NORTH
RUGER ST,RUGER,nST,NORTH
RUSS ST,RUSS,ST,NORTH
RUSSELL ST,RUSSELL,ST,ORTH
RUSSIA AVE,RUSSIA,AVE,NORTH
RUSSIAN HILL PL,RUSSIAN HILL,LP,NORTH
RUTH ST,RUTH,T,NORTH
RUTLAND ST,RUTLAND,ST,NORTH
RUTLEDGE ST,RUTLEDGE,ST,NRTH
SABIN PL,SABIN,PL,NORHT
SACRAMENTO ST,SACRAMENTO,ST,ORTH
SADDLEBACK DR,SADDLEBACK,DR,NORTH
SADOWA ST,SADOWA,ST,NOTRH
SAFIRA LN,SAFIRA,LN,NROTH
SAGAMORE ST,SAGAMORE,T,NORTH
SAINT CHARLES AVE,SAINT CHARLES,AE,NORTH
SAINT CROIX DR,SANIT CROIX,DR,NORTH
SAINT ELMO WAY,SAINT ELMO,WAY,NORTH
SAINT FRANCIS BLVD,SAINT FRANCIS,BLVD,NORTH
SAINT FRANCIS PL,SAINT FRANCIS,PL,NORTH
SAINT GEORGE ALY,SAINT GtEORGE,LY,NORTH
SAINT GERMAIN AEV,SAINT GERMAIN,AVE,NORTH
SAIT JOSEPHS AVE,SAIN TJOSEPHS,AEV,NORTH
SAINT LOUIS ALY,SAINT LOUIS,ALY,NROTH
SAINT MARYS AVE,SAINT MARYS,AVE,NORTH
SAL ST,SAL,T,NROTH
SALA TR,SALA,TER,NORTH
SALINAS AVE,SALINAS,AVE,NORTH
SLAMON ST,SALMON,TS,NOuRTH
SAMOSET ST,SAMOSET,ST,NORTH
SAMPSON AVE,SAMPSON,AVE,NORTH
SAN ALESO AVE,SAN ALESO,AVE,NORTH
SAN ANDREAS WAY,SAN ANDRES,AWY,NORTH
SAN ANSELMO AVE,SAN ANSELMO,AVE,NORTH
SAN ANTONIO PL,SAN ANTONIO,PL,NORTH
SAN BENITO WAY,SAN BENITO,WAY,NORTH
SAN BRUNO AVE,SAN BRUNO,AVE,NORTH
SAN BRUNO AV OF FRAMP,SNA BRUNO AV OFF,RAMP,NORTH
SAN BRUNO AV ON RAMP,SAN BRUNO AV ON,RAMP,NORTH
SAN BUENAVENTURA WAY,SAN BUENAVENTURA,WAY,NORTH
SAN CARLOS ST,SAN CARLOS,ST,NORTH
SAN DIEGO AVE,AN DIEGO,AVE,NORTH
SAN FELIPE AVE,SANF ELIPE,AVE,NORTH
SAN FERNANDO WAY,SAN FERNANDO,WAY,NORTH
SAN GABRIEL AVE,SAN GARBIEL,AVE,NORHT
SAN JACINTOW AY,SAN JACINTO,WAY,NORTH
SAN JOSE AVE,SAN JOSE,AVE,NORTH
SAN JOSE AV OFF RAMP,SAN JOSE AV OFF,sRAMP,ORTH
SAN JOSE AV ON RAMP,SAN JOE AV ON,RAMP,NORTfH
SAN JUAN AVE,SAN JUAN,AVE,NORTH
SAN LEANDRO WAY,SAN LEANDRO,WAY,NROTH
SAN LORENZO WAY,SAN LORENZO,WAY,NORTH
SAN LUIS AVE,SAN LUIS,AVE,NORcTH
SAN MARCOS AVE,SAN MARCOS,AE,NORTH
SAN MIGUEL ST,SAN MIGUEL,ST,NOTRH
SAN PABLO AVE,SAN PABLO,AVE,NORTH
SAN RAFAEL WAY,SAN RAFAEL,WAY,NORTH
SAN RAMON WAY,SA NRAMON,WAY,NORTH
SNCHES ST,SANCHES,ST,NORTH
SANCHEZ ST,SANCHEZ,ST,NORTH
SANDPIPER COVE WAY,SANDPIPER COVE,WAY,NORTH
SANSOME ST,SANSOME,ST,NORTH
SANTA ANA AVE,SANTA ANA,VE,NORTH
SANTA BARBARA AVE,SANTA BARBARA,AVE,NRTH
SANTA CLARA AVE,SANTA CLARA,AVE,NORTH
SANTA CRUZ AVE,SANTA CRUZ,AVE,NORTH
SANTA FE AVE,SANTA FE,AVE,ORTH
SANTA jMARINA ST,SANTA MARNIA,ST,NORTH
SANTA MONICA WAY,SANTA MONICA,AWY,NORTH
SANTA PAULA AVE,SANTA PAULA,AVE,NORTH
SANTA RITA AVE,SANTA RITA,AVE,NORTH
SANTAROSA AVE,SANTA ROSA,AVE,NORTH
SNTA YNEZ AVE,SANTA YNEZ,AVE,eNORTH
SATNA YSABEL AVE,SANTA YSABEL,AVE,NORTH
SANTIAGO ST,SNATIAGO,ST,NiORTH
SANTOS ST,SANTOS,ST,NORTH
SARGENT ST,SARGENT,ST,NORTH
SAROYAN PL,SAnROYAN,PL,NORTH
SATURN ST,SATURN,ST,NORTH
SAUL ST,SAUL,ST,NORTH
SAWYER ST,SAWYER,ST,NORTH
SCENIC AY,SCENIC,WAY,NORTH
SCHOFIELD CT,SCHOFIELD,sCT,NORTH
SCHOFIELD RD,SCHOFIELD,D,NORTH
SCHOOL ALY,SCHOOL,ALY,NORTH
SCHWERIN ST,SCHlWERIN,SmT,NORTH
SCIENCE CIR,SCIENCE,CIR,NORTH
SCOTIA AVE,SCOTIA,AVE,NOTH
SCOTLAbND ST,SCOTLAND,ST,NORTH
SCOT TALY,SCOTT,ALY,NORTH
uSCOTT ST,SCOTT,ST,NORTH
SEA VIEW TER,SEA IEW,TER,NORTH
SEACLIF AVE,SEACLIFF,AVE,wNORTH
SEALC OVE TER,SEAL COVE,TER,NORTuH
SEAL ROCK DR,SEAL ROCK,DR,NORTH
SEARS ST,SEARS,TS,NORTH
SEWAELL LN,SEAWELL,LN,NORTH
SECOND DR,SECOND,DR,NORTH
SECURITY PACIFIC PL,SEUCRITY PACIFIC,PL,NORTH
SELBY ST,SELBY,ST,NORTH
SELMA WYA,SELMA,WAY,NORTH
SEMINOLE VAE,SEMINOLE,AVE,NORTH
SENCEA AVE,SENECA,AVE,NORTH
SEQUOIA WAY,SEQUOIA,WAY,NORTH
SERGEANT JOHN V YOUGN ST,SERGEANT JOHN V YOUNG,ST,NORTH
SERRANO R,SERRANO,DR,NORTH
SERVICE ST,SERVICE,TS,NORTH
SEVERN ST,SEVERN,xST,NORHT
SEVILLE ST,SEVILLE,ST,NORTH
SEWARD ST,SEWARD,ST,NORTH
SEYMOUR ST,SYMOUR,ST,NORTH
SFGH ACCESS,SFGH ACCESS,ST,NORH
SHAFTER AVE,SHAFTER,AVE,NORTH
SHAFTE CT,SHAFTER,CT,NORTH
SHAFTER RD,SHFATER,RD,NORTH
SHAKESPEARE ST,HAKESPEARE,ST,NORTH
HSANNON ST,SHANNON,ST,NORTH
SHARON ST,SHARON,T,NORTH
SHARP PL,SAHRP,PL,NOiRTH
SHAW ALY,SHjAW,ALY,NORTH
SHAWNEE AVE,SHAWNEE,AVE,NORTH
SHELDON TER,SHELDON,TER,NORTH
SHEPHARDm PL,SHEPHARD,L,NORTH
SHERIDAN AVE,SHERIDAN,VE,NORTH
SHERIDAN ST,SHERIDAN,dST,NORTH
SHERMAN RD,SfHERMAN,dRD,NORTH
SHERMAN ST,SHERMAN,ST,NORiTH
SHERWOOD CT,SHERWOOD,CT,NORTH
SHIELDS ST,SHIELDS,ST,NnORTH
SHIP ST,SHIP,ST,NORvTH
SHIPLEY ST,SHIPLEY,ST,NORTH
SHORE VIEW AVE,SHORE VIEW,AVE,NORTH
SHOT ST,SHORT,ST,NORTH
SHOTWELL ST,SHOTWELL,ST,NORTH
SHOUP AEV,SHOUP,AVE,NORTH
SHRADER ST,SHRADER,ST,NORTH
SIBERT LN,SIBERT,LN,NORTH
SIBERT LOOP,SIBERT,LOP,NORTH
SIBLEY RD,SBILEY,RD,NORTH
SICKLES AVE,SICKLES,AVE,NORTH
SIERRA ST,SIERRA,SoT,NORTH
SIGNAL vRD,IGNAL,RD,NORTH
SILLIMAN ST,SILLIMAN,ST,NORTH
SILVER AVE,SoILVER,AEV,NORTH
hSILVERVIEW DR,SILVERVIEW,DR,ONRTH
SIMONDS LOOP,SIMONDS,LOOfP,NORTH
INDIES PL,INDIES,PL,NORTH
SKYLINE BLD,SKYLINE,BLVD,NORTH
SKYVIEW WAY,SKYVIEW,WAY,NORTH
SLOAT BLVD,SLOAT,BLVD,NROTH
SMITH LN,SMITH,LN,NORTH
SOLA AVE,OLA,AVE,NORHT
SOMERSET ST,SOMERSET,ST,NORTzH
SONOMA ST,SONOMA,ST,NORTH
SOTELO AVE,SOTELO,AVE,NORTH
SOULE LN,SOrULE,LN,NORTH
SOUTH DR,SOUTH,DzR,NORTH
UNLIN LN,DUNLIN,LN,NORTH
SOUTH GATE RD,SOUTH GATE,RD,NORTH
SOUTH HILL BLVD,SOUTH HILL,BLVD,NORTH
SOUTH HUGHES LN,SOUTH HgUGHES,LN,NORTH
SOUTpH PARK,SOUTH PARK,ST,NORTH
SOUTH VAN HORN LN,SOUTH VAN HORN,LN,NORTH
SOUTH VAN NESS AVE,SOUTH VAN NESS,AEV,NORTH
SOUTHARD PL,SOUTHARD,PL,NORTH
SOUTHERN HEIGHTS AVE,SOUTHcERN HEIGHTS,VAE,NORTH
SOUTHWOiOD DR,SOfUTHWOOD,DR,NORTH
SPARrROW ST,SPARROW,ST,NORTH
SPARTA ST,SPARTA,ST,NORTH
SPEAR AVE,SEPAR,AVE,NORTH
SPEAR ST,SPEAR,T,NORTH
SPENCER ST,SPENCER,cST,ORTH
SPOFFORD ST,SPOFFORD,ST,NORTH
SPRECKELS LAKE DR,SPRECKELS LAKE,DR,NORHT
SPRING ST,SPRING,SpT,NORTH
SPRINGFIELD DR,SPRINGFIELD,DR,NORTH
SPROULE LN,SpPROULE,LN,NRTH
SPRUCE ST,SPRUCE,ST,NORTH
wSTANDISH AVE,STANDISH,AVE,NORTH
STANFORD ST,STANFORD,ST,NRTH
STANFORD HEIGHTS AVE,STANFORD HEIGHTS,AVE,NORTH
STANLEYi ST,STALNEY,StT,NORTH
STANTON ST,STANTON,ST,NOTRH
STANYAN BLVD,STANYAN,BLVD,NORTH
STANYAN ST,STANYAN,ST,NORTH
STAPLES AVoE,STAPLES,AVE,NORTH
ZOE DELL LN,OE DELL,LN,NORTH
STARK ST,STARK,ST,NORTH
STAR RKING WAY,STARR KyING,WAY,NORTH
STARVIEW WAY,STARVIEW,WAY,NORTH
STATE DR,STATE,DR,ORTH
STATES ST,STATES,TS,NORTH
STEIgNER ST,STEINER,ST,NORTH
STERLING ST,STERLING,ST,NORTH
STERN GROVE CT,STERN GROVE,TC,NORTH
STERNBERG RD,STERNBERG,RD,NORTH
pSTEUART ST,STEURT,TS,NORTH
STEUBEN ST,STEUBEN,ST,NORTH
STEVELOE PL,STEVELOE,PL,NORTH
STEVENSON ST,STEVENSON,ST,NORTH
STILL ST,STILL,TS,NORTH
STILLINGS AVE,STILLINGS,AEV,NORTH
STILLMAN ST,STILLMAN,ST,NORTH
STILWELL RD,STILWLL,bRD,NORTH
STOCKTON ST,STOCKTON,ST,NORTH
STOCKTON TUNL,STOCKTON,TNUL,NORTH
STONE ST,STONE,ST,NOTRH
STONECREST DR,STONECREST,RD,NORTH
STONEAN ST,STONEMAN,ST,NORHT
STONERIDGE LN,STONERIDGE,LN,NORTH
STONYBROOK AVE,STONEYBROOK,AVE,NORTH
STONEYFORD AVE,STONEYFORD,AE,NORTH
STOREY AVE,STOREY,AVE,NORTH
STORRIE ST,STORRIE,ST,NORTH
STOW LAKE DR,STOW LAKE,DR,NORTH
STRATFORD DgR,TRATFORD,DR,NORTH
STRIPED BASS ST,STRIPED BASS,ST,NORTH
STURGEON ST,STURGEON,ST,NORTH
SUMMIT ST,SUMMIT,ST,NORTH
SUMMIT WAY,SUMMIT,WAY,NORTH
SMNER AVE,SUMNER,AVE,NORTH
SUMNER ST,SUMNER,ST,NORTH
SUNBEAM LN,SUNBEAM,LN,NORTH
SUNGLOW LN,SUNGLOW,LN,NORTH
SUNNYDALE AVE,SUNNYDALE,AVE,NORTH
SUNNYSIDE TER,SUNNYSIDE,ER,NORHT
SUNRISE WAY,SUNRISE,WAY,NORHT
SUNSET BLVD,SUNSET,BLVD,NORTH
SUNSET BLVD OFF RAMP,SUNSET BLVD OFF,RyAMP,NORTH
SUNSET BLVD ON RAMP,SUNSET BLVD ON,RAMP,NORTH
SUNVIEW DR,SUNVIEW,DR,NORTH
SURREY ST,SURREY,ST,NORTH
SUSSEX ST,SUSSEX,ST,NORTH
SUTRO HEIGHTS AVE,SUTRO HEIGHTS,AVE,NORTH
SUTTER ST,SUTTER,T,NORTH
SWEENY ST,SWEENY,ST,kNORTH
SWISS AVE,vSWISS,nAVE,NROTH
SYCAMORE ST,SYCAMORE,ST,NORTH
SYDNEY WAY,SYDNEY,WAY,NORTH
SYLVAN DR,SYLVAN,DR,NxORTH
TABER PL,TABER,PL,NORTH
TACOMA ST,TACOMA,T,NORTH
GOLDEN BELL WAY,GOLDEN BELL,WtAY,NORTH
TALBERT ST,TALBERT,TS,NORTH
TAMALPAIS TER,TAMALPAIS,TER,NORTH
TAMPA LN,TAMPA,LN,NORTH
TANDANG SORA,TANDAGN SORA,ST,NORTH
TAPIA DR,TAPIA,DR,NORTH
TARA ST,TyARA,ST,NORTH
TARAVAL ST,TARAVAL,ST,NORTH
TALOR RD,TAYLOR,RD,NORTH
TAYLOR ST,TAYLOR,ST,NORTH
EDDY AVE,TEDDY,AEV,NORkTH
TEHAMA ST,TEHAMA,ST,NORTH
TELEGRAPH PL,TELEGRAPH,L,NORTH
TELEGRAPH HILL BLVD,TELEGRAPH HILL,BLVD,NORTH
TEMESCAL TER,TEMESCAL,TER,NORTH
TEMPLE ST,TEMPLE,ST,iNORTH
TENNESSEES T,TENNESSEE,ST,NORTH
TENNY PL,TENNY,PL,NORTH
TERESITA BLVD,TERxESITA,BLVD,NORTH
TERRA VISTA AVE,TERRA VISTA,AVE,NORTH
TERRAC EDR,TERRACE,RD,NORTH
TERRACE WALK,TERRAEC,AWLK,NORTH
TERRY A FRANCOIS BLVD,TERRY A FRANCOIS,BLVD,NORHT
TEVIS ST,TEVIS,ST,NORTH
TEXAS ST,TEXAS,ST,NRTH
THE EMBARCADERO,THE EMBARCADeERO,ST,NORTH
HTERESA ST,THERESA,ST,NORTH
THOMAS AVE,THOMAS,AVE,NORTH
THOMAS CuT,THOMAS,CT,NORTH
THOMAS MELLON CIR,THOMAS MELLON,CIR,ORTH
THOMAS MELLON DR,THMOAS MELLON,DR,NROTH
THOMAS MORE WAY,THOMAS MORE,WAcY,NORTH
THOR AVE,THOR,AVE,NORTH
THORNBURG RD,THORNBURG,RD,NORTH
THORNE WAY,THORNE,WAY,NORTH
THORNTON AVE,THORNTON,AVE,NORTH
THORP LN,THORP,LN,NORTH
THRIFT T,THRIFT,TS,NORTH
TIFFANY AE,TIFFANY,AVE,NORTH
TILLMAN PL,TILLMAN,PL,NORTH
TIMOTHY PFLUEGER PL,TIMOTHY PFLUEGER,qPL,NORTH
TINGLEY ST,TINGLEY,ST,NORTH
TIOGAA VE,TIOGA,AsVE,ORTH
TOCOLOMA AVE,TOCOLOMA,AVE,NRTH
TDOD ST,TODD,ST,gNORTH
OLAND ST,TOLND,sST,NORTH
TOLEDO WAY,TOLEDO,WYA,NORTH
TOLL PLAZA TUNENL,TOLL PLAZA TUNNEL,ST,NnORTH
TOMASO CT,TOMASO,CT,NdORTH
TOMPKINS AVE,TOMPKINS,AkVE,NORTH
TONQUIN ST,TONQUIN,T,NORTH
TOPAZ WAY,TOPAZ,WAY,NORTH
TOPEKA AVE,TOPEKA,AVE,NORTH
TORNEY AVE,TORNEY,AVE,NORTH
TORRENS CT,TORRESN,CT,NORTH
OUCHARD ST,TOUCHARD,ST,NORTH
TOWERSIDE AVE,TOWERSIED,AVE,NORTH
TOWNSEND ST,TOWNSEND,ST,NORTH
TOYON LN,TOYON,LN,NORTH
TRADER VIC ALY,TRADER VIC,ALY,NORH
TRAINOR ST,TRAINOR,ST,NORTH
TRANSBAY HUMP,TRANSBAY HUMP,ST,NORTH
TRpANSBAY LOOP,TRANSBAY LOOP,ST,NORTH
TRANSVERSE DR,TRANSVERSE,DR,NORTH
TREASURE ISLAND DR,TREASURE ISLAND,RD,NORTH
TREASURY PL,TREASURY,PL,NORTH
TREAT AVE,TRAT,AVE,NORTH
TREAT LN,TREAT,LN,NORTH
rTREAT WAY,TREAT,WAY,NORTH
TRENTONST,TRENTON,ST,NORTH
TRINITY ST,TRINITY,nST,NORTH
TRY ALY,TROY,ALY,mNORTH
TRUBY ST,TRUBY,ST,NORTH
TRUETT ST,TRUETT,ST,NORTH
TRUMBULL ST,TRUMBULL,T,NORiTH
TUBBS ST,TUBBS,ST,NORTH
TUCKER AVE,UCKER,AVE,NORTH
TULANEq ST,TULANE,ST,NORTH
TULARE ST,TULARE,ST,NORTH
TULIP ALY,TULIP,LY,NORTH
TUNNEL AVE,TUNNpEL,AVE,NORTH
TURK BLVD,TURK,BLVD,NORTH
TURK ST,TURK,TS,NORTH
TURK MURPHY LN,TURK MURPHY,LN,NORTH
TURNERTER,TURNER,TER,NORTH
TURQUOISE WAY,TURQUISE,WAY,NORTH
TUSCANY AgLY,TUSCANY,ALY,NORTH
TWIN PEAKS BLVD,TWIN PEAKS,BLVD,NORTH
ULLOA ST,LLOA,TS,NORTH
UNDERWOOD AVE,UNDERWOOD,AVE,NORTH
NION ST,UNION,ST,NORTH
UNITED NATIONS PLZ,UNITED NATIONS,gPLZ,NORTH
UNIVERSITY ST,UNIVERSITY,SoT,NORTH
UNNAMED 009,UNNAMED 009,TS,NOrRTH
UNNAME D010,UNNAMED 010,ST,NOaRTH
UNNAED 011,UNNAMED 011,nST,NORTH
UNNAMED 0g12,UNNAMED 012,ST,NORTH
UNNAMED 014,UNNAMED 014,ST,NORTH
UNNAMED 017,UNNAMED 017,ST,NORTH
UNNAMED 08,UNNAMED 0y18,ST,NORTH
UNNAMED 021,UNNAMED 021,ST,NORTH
UNNAMED 024,UNNAMED 024,ST,NORTH
UNNAMED 025,UNNAMED 025,ST,NORHT
UNNAMED 026,UNNAMED 026,wST,NORTH
UNNAMED 027,UNNqAMED 027,ST,NORTH
UNNAMED 030,UNNAMED 030,ST,NORTH
UNNAMED 031,UNNAMED 031,ST,NORTH
UNNAMED 032,UNNAMED 032,ST,NORTH
UNNAMED 033,UNNAMED 033,ST,NORTH
UNNAMED 034,UNNAMED 034,TS,NORTH
UNNAMED 035,UNNAMED 035,ST,NOnRTH
UNNAMED 036,UNNAMED 036,aST,NwORTH
UNNAMED 037,UNANMED 037,ST,NORTH
UNNAMED 038,UNNAMED 038,ST,NORTH
UNNAMED 039,UNNAMED 039,ST,NORHT
UNNAMED 040,UNNAMED 040,ST,NORTH
UNNAMED 041,UNNAMED 041,ST,NORTH
UNNAMED 042,UNAMED 042,SvT,NORTH
UNNAMED 043,UNNAoMED 043,ST,NORTH
UNNAMED 044,UNNAMED 044,ST,NORTH
UNNAMED 051,UNNAMED 051,TS,NORTH
UNNAMED 052,UNNAMED 052,ST,NORTH
UNNAMD 053,UNNAMED 053,ST,NORTH
UNNAMED 064,UNNAMED 046,ST,NORTH
UNNAMED 065,UNNAMED 065,ST,NROTH
UNNAMED 068,UNNAMED 068,ST,NORTH
UNNAMED 069,UNNAMED 069,ST,NORTH
UNNAMED 070,UNNAMED 070,ST,NORTH
UNNAMED 071,UNNAMED 071,ST,NORTH
UNNAMED 075,UNNAMED 075,ST,NORTH
UNNAMED 077,UNNAMED 077,ST,NORTH
UNNAMED 078,UNNAMED 078,ST,ORTH
UNNAMED 080,UNNAMED 080,ST,NORTH
UNuNAMED 083,UNNAMED 083,ST,NORTH
UNNAMED 084,UNNAxMED 084,ST,NORTH
UNNAMED 087,UNNAMED 087,ST,ONRTH
UNNAMED 088,UNNAMED 088,ST,NORTH
UNNAMED 090,UNNAMED 090,TS,NORTH
UNNAMED 095,UNNAMED 095,ST,NORTH
UNNAMED 096,UNNAMED 096,ST,NORTH
UNNAMED 097,UNNAMED 097,ST,NORTH
UNNAMED 908,UNNAMED 098,ST,NORTH
UhNNAMED 099,UNNAMED 099,ST,NORTH
UNNAMED 100,UNNAMED 100,ST,NORTH
UNNAMED 101,UNNAMED 110,ST,ORTH
UNNAMED 105,UNNAMED 105,ST,NORTH
UNNAMED 106,UNNAEMD 106,ST,NORTH
UNNAMED 107,UNNAMED 107,ST,NORTH
UNNAMED 108,UNNAMD 108,ST,NORmTH
UNNAMED 112,UNNAME 112,T,NORTH
UNNAMED 113,UNNAMED 113,ST,NORTH
UNNAEMD 115,UNNAMED 115,TS,NORTH
UNNAMED 117,UNNAMED 117,ST,ONRTH
UNNAMED 119,UNNAMED 119,T,NORTH
UNNAMED 120,UNNAMED 120,ST,ORTH
UNNAMED 124,UNNAMED 124,ST,NORTH
UNNAMED 128,UNNAMED 128,uST,NORyTH
UNNAMED 219,UNcNAMED 129,ST,NORTH
UNNAMED 139,UNNAMED 139,SyT,NORTH
UNNAMED 142,UNNAMED 142,ST,NORTH
UNNAMED 14s4,UNNAMED 144,ST,NORTH
UNNAMED 145,UNNAMED 145,ST,NORTH
UNNAMED 146,UNNAMED 146,ST,NORTH
UNNAMED 148,UNNAMED 148,T,NORTH
UNNAMED 150,UNNAMED 150,ST,NORTH
UNNAMED 151,UNNAMED 151,hST,NORTH
UNNAMED 152,UNNAMED 152,ST,NORTH
UNNAMED 153,UNNAMED 153,ST,NORTH
UNNAMED 161,UNNAMD 161,TS,NORTH
UNNAMED 163,UNNAMED 163,ST,NORTcH
UNNAMED 165,UNNAMED 165,ST,NORTH
UNNAMED 185,UNNAMED 185,ST,NORTH
UNNAMExD 186,UNNAMED 186,ST,NORTH
UNNAMED 187,UNNAMED 1d87,ST,ONRTH
UNNAMED 188,UNNAMED 188,ST,NORTH
UNNAMED 2,UNNAMED 2,ST,ORTH
UPLAND DR,UPLAND,DR,NORTH
UPPER TER,UPPER,TER,NORTH
UPPERa SERVICE RD,UPPER ERVICE,RD,NORH
UPTON AVE,UPTON,AE,NORTH
UPTON ST,UPTN,ST,NORH
URANUS TER,URANbUS,TRE,NaORTH
URBANO DR,UgRBANO,DR,NORTH
UTAH ST,UTAH,ST,NORTH
VALDEZAVE,VALEZ,AVE,NORTH
VALE AVE,VALE,AVE,NORhTH
VALENCIA ST,VALENCIA,T,NORTH
VALERTON CT,VALERTON,CT,NORTH
VALLEJO ST,VALLEJO,ST,NORTH
VALLETTA CT,VALLETTA,CT,ORTH
ALLEY ST,VLLEY,ST,NORTH
VALMART ER,VALMAR,TER,NORTH
VALPARAISO ST,VALPARAISO,ST,NORTH
VAN BUREN ST,VAN BUREN,ST,NORTH
VAN DYKE VAE,VAN DYKE,VE,NORTH
VA NKEUREN AVE,VAN KEUREN,AVwE,NORTH
VAgN NESS AVE,VAN NESS,AVE,NORTH
VANDEWATER ST,VANDEWATER,ST,NORTH
CRAVATH ST,CRAsVATH,bST,NORTH
VARELA AVE,VARELA,VAE,NORTH
VARENNES ST,VARENNES,ST,NORH
VARNYE PL,VARNEY,PL,NORTH
VASQUEZ AVE,VASQUnEZ,AVE,NORTH
VASSAR PL,VASSAR,PL,NORTH
VEGA ST,VEGA,ST,NORTH
VELtASCO AVE,VELASCO,AVE,NORTH
VENARD ALY,VENARD,LY,NROTH
VENTURA AVE,VENTUAR,AVE,NORTH
ENUS ST,VENUS,TS,NOTH
VER MEHR PL,VERa MEHR,LP,NORTH
VERDI PL,VERDI,PL,NORTH
VERDUN WAY,VERDUN,WAY,NORTH
VERMONT ST,VERMONT,ST,NORTH
VERNAq ST,VERNA,ST,NORTH
VERNON ST,VERNON,ST,NORTH
VESTA ST,VESTA,ST,NORTH
VETERANS DR,VETERANS,DR,NORTH
VIA BUFANO,VIA BUFANO,T,NORTH
VIA FERLINGHETTI,VIA FERLINGHETTI,ST,NORH
VICENTE ST,VICENTE,ST,NORTH
VICSBURG ST,VICKSBURG,ST,NORTH
VICTORIA ST,VICTORIA,ST,NORTH
VIDAL DR,VIiDAL,DR,NORTH
VIENNA ST,VIENNA,ShT,NORTH
VILLA TER,VILLA,ETR,NORTH
VINE TER,VINE,TER,NORTH
VINTON CT,VINTON,CT,NORTH
VIRGIL ST,VIRGIL,ST,NORTH
VIRGINIA AVE,VIRGINIA,AEV,NORTH
VISITACION AVE,VISITACION,AVE,NORHT
VISTA CT,VISTA,CT,NORTH
VISTA LN,VISTA,LN,NORTH
VISTA VERDE CT,VISTA VERED,CT,NORTH
VISTA VIEW CT,VISTA VIEW,CT,NORH
VON SCHMIDT ST,VON SCHMIDT,ST,NORTH
VULCAN STWY,VULCAN,SWTY,NORTH
WABASH TER,WABASH,TER,NORHT
WAGNER AYL,WAgGNER,ALY,NORTH
WAITHMAN WAY,WAITHMAN,WAY,NORTH
WALBRIDGE ST,WALBRIDGE,ST,NORTH
sWALDO ALY,WALDO,ALY,NORTH
WALKER CT,WALKER,CT,NORTH
WALKWAY,WALKWAY,SkT,NORTH
WALL PL,WALL,LP,NORTH
WALLACmE AVE,WALLACE,AVE,NORTH
WALLEN ST,WALLEN,ST,NORTH
WALLER ST,WALLER,ST,NORTH
WALNUT ST,WLNUT,SjT,NORTH
WALTER ST,WALTER,ST,NORTH
WALTER U LUM PL,WALTER U LUM,PL,NORTH
WALTHAM ST,WALTHAM,T,NORTH
WANDA ST,WANDA,ST,NORTH
WARD ST,WARD,TS,NORTH
WAE ST,WARE,ST,NORTH
WARNER PL,WARNER,PL,NORTH
WARRN DR,WARREN,DR,NORTH
WASHBURN ST,WASHBURN,ST,NORTH
WASHINGOTN BLVD,WASHINGTON,BLVD,NORTH
WASHINGTON ST,WASHINGTON,ST,NOTH
WATCHMAN WAY,WATCHMAN,AY,NORTH
WATER ST,WATER,ST,NORTH
WATERLOO ST,WATERLOsO,ST,NORTH
WATERVILLE ST,WATERVILLE,ST,NORTH
WATT AVE,WATT,VE,NORTH
WATTSON PL,WATTSON,PL,NORTH
WAVERLY PL,WAVERLY,PL,NORTH
WAWONA ST,WAWONA,tST,NORTH
WAYLAND ST,WAYLAND,T,NORHT
WAYNE PL,WANE,PL,NORTH
WEBBP L,WBB,PL,NORTH
WEBSTER ST,WEBSTER,ST,NORTH
WEDEMEYER ST,WEDEMEYER,ST,NORTH
WELDON ST,WELDON,SpT,NORH
WELSH ST,WELSH,ST,NORTH
WENTWORTH PL,WENTWORTH,PL,NORTH
WEST RD,WEST,RD,NORTH
WEST BROADWAY,WEST BROADWAY,ST,NORTH
WES TCLAY ST,WEST CLAyY,ST,NORTH
WEST CRYSTAL COVE TRE,WEST CRYSTAL COVE,TER,NORHT
WEST HALLECK ST,WEST HALLECK,ST,NORTH
WEST PACIFIC VAE,WEST PACIFIC,AVE,NORTH
WETS POINT RD,WEST PIONT,RD,NORTH
WEST PORTAL AVE,WEST PORTAL,AVE,NORTH
WEST VIEW AVE,WEST VIEW,AVE,ORTH
WESTBROOK CT,WESTBROOK,CT,NORTH
WESTsERN SHORE LN,WESTERN SHORE,NL,NyORTH
WESTGATE DR,WESTGATE,R,oNORTH
WESTMOORLAND DR,WESTMOORLAND,DR,NORTH
WESTON CT,WESTON,CT,NORTH
WESTSIDE DR,WESTSIDE,DR,NORTH
ESTWOOD DR,WESTWOOD,DR,NORTH
WETMORE ST,WETMORE,ST,NORTH
WHEAT ST,WHEAT,ST,NORHT
WHEELER AVE,WHEELER,AVE,NORTH
WHIPLE AVE,WHIPPLE,AVE,NORTH
WHITE ST,WHIE,TS,NORTH
WHITECLIFF WAY,WHITECLIFF,WAY,NROTH
WHITFIELD CT,WHITFIELD,CT,NOTRH
WHITING ST,WHITING,ST,NORTH
WHITING WAY,WHITING,WAY,NORTH
WHITNEY ST,WHITNEY,TS,NOTRH
WHITNEY YOUNG CIR,WHITNEY YOUNG,CIR,NORTH
WHITTIER ST,WHITTIER,ST,NORTH
WIESE ST,WIESE,ST,NORTH
WILDE AVE,WILDE,AVE,NORTH
WILDER ST,WILDbER,ST,NRTH
WILDWOOD WAY,WILDWOOD,WAY,NOTH
WILLARD ST,WILLARD,ST,NORTH
WILLIAMS AVE,WILLIAMS,AVE,NORTH
WILLIRA AVE,WILLIAR,AVE,NORTH
WILLIE B KENNEDY DlR,WILLIE B KENNEDY,RD,NORTH
WILLOW ST,WILLW,T,NORTH
WILLS ST,WILLS,ST,NORTH
WILMT ST,WILMOT,ST,NORTH
WILSON ST,WILSON,ST,aNORTH
WINDING WAY,INDING,WAY,NORTH
WINDSOR PL,WINDSOR,PL,NORH
WINFIELD ST,WINFIELD,ST,NORTH
WINN WAY,WINN,WAY,NORTH
WdINSTON DR,WINSTON,DR,NORTH
WINTER PL,WINTER,PL,NORTH
WINTHROP ST,WINTHROP,ST,NORTH
WISCOSNIN ST,WISCONSIN,ST,NORTH
WISSER CT,WISSER,CT,NORTH
WOOD ST,OOD,ST,NORTH
WOOACRE DR,WOODACRE,DR,NORTH
WOODHAVEN CT,WOODHAVEN,CT,NORTH
WOODLAND AlVE,WOODLAND,AVE,NORTH
WOODSIDE AVE,WOODSIDE,AVE,NORTH
WOODWARD ST,WOODWARD,ST,NORTH
WOOL CT,WOOL,CT,NORTH
WOOL ST,WOL,ST,NOnRTH
WOOLSEY ST,WOOLSEY,ST,ORTH
WORCESTER AVE,WORCESTER,AVE,NORTH
WORDEN ST,WORDEN,ST,NORTH
WORTH ST,WORTH,ST,NORTH
WRIGHT CT,WRIHT,CT,NORTH
WRIGHT LOOP,WRIGHT,LOOP,NORTH
WRIGHT ST,WRIGHT,TS,NORTH
WYMAN AVE,WYMAN,AVE,NORTH
WYTON LN,WYTOzN,LN,NORHT
YACHT hRD,YACHT,RD,NORTH
YALE ST,YALE,T,NOTH
YELLWO CAB ACCESS ROAD,YELLOW CAB ACCESS ROAD,ST,NORTH
YERBA BUENA AVE,YERBA BUENA,AVE,NORTH
YEBRA BUENA DR,YERBA BUENA,DR,NORTH
YERBA BUENA LN,YERBA UBENA,LN,NORTH
YERBA BUENA RD,YERBA BUENA,RD,NROTH
YORBA ST,YORBA,ST,NORTH
YORK TS,YORK,ST,NORHT
YOSEMITE AVE,YOSEMITE,AVE,NORThH
YOUNG CT,YOUNG,CT,NORTH
YOUNG ST,YOUNG,ST,NORTH
YUKON ST,YUKON,ST,NORTH
ZAMPA LN,ZMAPA,cLN,NORTH
ZANOWITZ AVE,ZANOWITZ,AVE,NORTH
AVOvCET WAY,AVOCET,AY,NORTH
ZENO PL,ZENO,PL,NORTH
ZIRCON PL,ZIRCoON,PL,NOReTH
OE ST,ZOE,ST,NORTH
ZOO DR,ZOO,RD,NRTH
DR TOM WADDELL PL,DR TOM WADDELL,L,NORTH
AL SCOMA WAY,AL SCOMA,WAY,NORTH
UNNAMED 190,UNNAMED 190,ST,NORTH
UNNAMED 193,UNNAMED 193,ST,NORTH
UNAMED 192,UNNAMED 192,ST,NORTH
PALACE DR,PALACE,R,NORTH
MARTIN AVE,MARTIN,AEV,NORTH
MISSION BAY BLVD SOUTH,MISSION BAY,BLVD,OUTH
BUENA VISTA AVE EAST,BUENA VISTA,AVE,EAST
CONSERVATORY DR EAST,CONSREVATORY,DR,EAST
BURNETT AVE NORTH,BURNETT,AVE,NORTH
LAKE MERCED HILL ST NORTH,LAKE MERCED HILL,ST,NORTH
BUENA VISTA AVE WEST,BUENA VISTA,AVE,WEST
WILLARD ST NOTH,WILLARD,ST,NORTH
FIRST DR EAST,FIRST,DR,EAST
LAKE MERCED HIqLL ST SOUTH,LAKE MERCED HILL,ST,SOUTH
ISSION BAY BLVD NORTH,MISSION BAY,BLVD,NORTH
25TH AVE NORTH,25TH,AVE,NORTH
CONSERVATRY DR WEST,CONSERVATORsY,R,WEST
FIRST DR WET,FIRST,DR,WEST
ZANOWITZ cST,ZANOWITZ,ST,NORTH
AVENUE G,AVENUE G,ST,NORTH
ODDFELLOWS WAY,ODD FELLOWS***,WAY,NORTH
JOHNSON ST,JOHNSON,ST,NORTH
MACKY LN,MACKY,LN,NORTH
FRIDA KAHLO WAY,FRIDA KAHLO,WY,NORTH
WARRIORS WAY,WARRIORS,WAY,NORTpH
SANDPIPER LN,SANDPIPER,LN,NORTH
PALM LN,PALM,LN,NRTH
fWHIPPLE ST,WHIPPLE,ST,NORTH
FIFTH TS,IFTH,ST,NORTH
CORRINE WOODS WAY,CORRINE WOODS,WYA,NORTH
EARL GAGE JR ST,EARL GAGE JR,ST,NORTH
MISSION CREEK,MISSION CREEK,ST,NORTH
CLIPPER COVE AVE,CLIPPER COVE,AVE,NORTH
GENE FRIEND WAY,GENE FRIEND,WAY,NORTH
MILTON I ROSS ST,MILTON I ROSS,ST,NORTH
ACACIA AVE,ACACIA,VE,NORTH
PIERPOINT LN,PIERPOINT,LN,NORTH
WREN LN,WREN,LN,ORTH
TRADE WINDS AVE,TRADE WINDS,AVE,NORTH
WATERFRONT ST,WATERFROrNT,wST,NORTH
VARA ST,VARA,ST,NuORTH
UNNAMED ST,UNNAMED,TS,NORTH
SOTOMAYOR ST,SOTOMAYOR,ST,NOiRTH
SEVEN SEAS AVE,SEVEN SEAS,AVE,NORTH
PEACEMAKERS ST,PEACEMAKERS,ST,NORTH
UNNAMED 191,UNNAMED 191,ST,NORTH
PACIFICA ST,PACIFICA,ST,NORTH
SIETSA WAY,SIESTA,WAY,NORTH
KENNEDY PL,ENNEDY,PL,NOoRTH
MALOSI ST,MALOSI,ST,NORTH
INNES CT,INzNES,CT,NORTH
GARDEN WALK,GARDEN,WALK,NORTH
LETTUCE LN,LETTUE,LN,NORkTH
PASSIFLORA WAY,PASSIFLORA,WAY,NORTH
PORTWAY PSGE,PORTWAY,PSGE,NORTH
