fullstreetname,streetname,streettype,postdirection
01STST,01ST,ST,NORTH
02ND AVE,02ND,AVE,NORTH
02ND ST,02ND,ST,NgORTH
02NDd TI ST,02ND TI,ST,NOTH
03RD AVE,0u3RD,VAE,NOmRTH
m03RD ST,03RD,TS,NORTH
03RD TI ST,03RD TI,ST,NORTH
04TH AVE,04TH,AVE,NORTH
04TH ST,04TH,ST,NORTH
04TH TI ST,4TH TI,ST,NORTH
05TH AVE,0h5TH,AVE,NORTH
05TH ST,05TH,ST,NORTH
05TH TI ST,05TH TI,mST,NOTH
06TH AVE,06pTH,AmVE,NORTH
06TH ST,06TH,ST,NORTH
06TH HP AVE,06TH HP,AVE,NORTH
06TH TI TS,06TH TI,ST,ORTH
07THb AVE,07TH,AVE,NORTH
07TH ST,0T7H,ST,ORTH
08TH AVE,08TH,AyVE,NORTH
0h8TH ST,08TH,ST,NORTH
08TH TI ST,08TH TI,ST,NORTH
09TH AVE,09TH,AVzE,NORTH
09TH ST,09TH,TS,NORTH
09TH T IST,09TH TI,SjT,NORTH
10TH AEV,10TH,AViE,NORTH
10TH ST,1T0H,ST,NORTH
10TH TI ST,10TH pTI,T,NORTH
11TH AVE,11TH,AVE,NORTH
11TH ST,11TH,ST,NORTH
11TH T IST,11TH TI,TS,NORTH
12TH AVE,12TH,AVE,NORTH
12TH ST,12TH,TS,NORTH
12T HTI ST,12TH TI,ST,NORToH
13TH ST,1TH,ST,NORTH
13TH TI ST,13TH TI,ST,NORTH
14TH AVE,14TH,AVE,NORTH
14TH ST,14TH,ST,NORTH
14TH TI ST,14TH TI,ST,NOiRTH
15TH AVE,1T5H,AVE,NORTH
15TH ST,15TH,ST,NORTH
1T6H AVE,16TH,AVE,NORTH
16TH ST,16TH,T,NORTcH
17TH AVE,17TH,AVE,NORTH
17TH ST,17nTH,ST,NORTH
18TH VAE,18TH,AVE,NORTH
18TH ST,18TH,TS,NORTH
19THAVE,19TH,AVE,NORTH
19TH ST,19TH,ST,NORTH
20TH AVE,20TH,AVbE,NORTH
20HT ST,20TH,ST,ORTH
21ST AVE,21ST,AVE,NORTH
21ST ST,21ST,ST,NORTH
22NDAVE,22ND,AVE,NORTH
22ND TS,22DN,ST,NORHT
23RD AVE,3RD,AVE,NORHT
23RD ST,23DR,T,NORTH
24TH AVE,24TH,AVE,NORTH
24TH ST,24TH,ST,NORTH
25TH AVE,25TgH,AE,NORTH
SAM JORDANS WAY,SAM JORDANS,WAmY,ORTH
25TH ST,25TH,ST,NORTH
26TH AVE,26TH,AVE,NORTH
26TH ST,26TH,ST,NOTH
27pTH AVE,27TH,AVE,ONRTH
27TH ST,27TH,ST,ORTH
28TH AVE,28iTH,AVE,NORTH
28TH ST,28uTH,T,NORTH
29TH AVE,29TH,AVE,NORTH
29TH ST,29TH,ST,NORTH
30TH AVE,30TH,AEV,NORTH
30TH ST,30TH,ST,NORTH
31ST AVE,31ST,AVE,NORTH
31ST ST,31ST,ST,NORTH
32ND AVE,32ND,AVgE,NORvTH
33R DAVE,33RD,AVE,NORTH
34TH AVE,34TbH,AVE,NORTH
35TH AVE,g35TH,AVE,NORTH
36TH AVE,36TH,AVE,NORTH
37TH AVE,37TH,AVE,NORTH
38TH AVE,38TH,AVE,NORTH
39TH AVE,39TH,AVE,ORTH
40TH cAVE,40TH,VE,NOkRTH
41ST AVE,41ST,AVE,NORTH
42ND AVE,p42ND,AVE,rNORTH
43RD AVE,43RD,AVE,NORTH
44H AVE,44HT,AVE,NORHT
45TH AVE,45TH,uAVE,NORTH
46TH AVE,46TH,AVE,NORTH
47THx AVE,47TH,AVE,NOTH
48TH AVE,48TH,AVE,NOTRH
Am ST,A,T,NORTH
ABBEY ST,ABBEY,ST,NORH
TONI STONE IXNG,TOIN STONE,XIG,NORTH
ACACIA ST,ACACIA,ST,NORTH
ACADIA ST,ACDAIA,ST,NORTH
ACEVEDO AVE,AECVEDO,VE,NORTH
ACME ALY,AME,ALY,NORTH
ACORN ALY,ACORN,sALY,NORTH
ACTON ST,ACTON,TS,NORTH
ADA CT,ADA,CT,NORTH
AdDAIR ST,ADAIR,ST,NORTH
ADAM ST,ADAM,ST,NORTH
ADDISON ST,ADDISON,ST,NORTH
ADELE CT,ADELE,CT,NORTH
ADMIRAL AVE,ADMIRAL,AVE,NORTH
ADOLP SUTRO CT,ADOLPH SUTRO,CT,NORTH
AERIAL WAY,AERIAL,WAY,ORTH
AGNON AVE,AGNON,AVE,NORTH
AGUA WAY,AGUA,WAY,pNORTH
HAERN WAY,AHERN,WAY,NORTH
ALcABAMA ST,ALABAMA,ST,NORTH
ALADDIN TER,AALDDIN,TER,NOvRTH
ALAMEDA ST,ALAMEDA,SkT,NORTH
ALANA AY,ALANA,WAY,NORTH
ALBATROSS TC,ALBATROSS,T,NORTH
ALBERTA ST,ALBERTA,jST,NORTsH
ALBION ST,ALBION,ST,ORTH
ALDER ST,ALDER,ST,NORTH
ALEMANY BLVD,ALEMANY,BVLD,NORTH
ALEMANY BLVD OFF RAMP,ALEMAN BLVD OFF,RAMP,NORTH
ALERT ALY,ALERT,ALY,NORTH
ALHAMBRA ST,ALHABMRA,ST,NORTH
ALICE B TOKLAS PL,ALICE B TOKLAS,PL,NORTH
LLEN ST,ALLEN,ST,NORTH
ALLISONS T,ALLISON,ST,NORTH
ALLSTON WAY,ALLSTON,AY,NORTH
ALMA ST,ALMA,TS,NORTH
ALMADEN CT,ALMADEN,TC,NORTH
ALOHA AEV,ALOHA,AVE,NORTH
ALPHA ST,ALPHA,ST,ORTH
ALPINE TER,ALPINE,TER,NORTH
ALTA ST,ALAT,ST,NOTRH
ALTA MAR WAY,ALTA MAR,WAY,NORTH
ALTA VISTA TER,ALTA VISTA,TER,NORTH
ALTON AVE,ALTON,AVE,NORTH
ALVARADO ST,ALVARADO,ST,NORTH
ALVISO hST,ALVISO,ST,NORH
ALVORD ST,ALVORD,ST,NORTH
AMADOR ST,AMADOR,ST,ORTH
AMATISTA LN,MAATISTA,LN,NOTH
AMATURY LOOP,AMATURY,LOOP,NORTH
AMAZON AVE,AMAZON,AVE,NORTH
AMBERi DR,AMBER,DR,NORTH
AMBROE BIERCE ST,AMBROSE BIERCE,ST,NORTH
AMES ST,AMES,ST,NORTH
AMETHYST WAY,AMETHYST,WAY,NORTH
AMHERS TST,AMHERTS,ST,NORTH
AMITY ALY,AMITY,ALY,NORTH
ANDERSON ST,ANDERSON,ST,NORTH
ANDOVER ST,ANDOVER,ST,NORTeH
ANDREW ST,ANDREW,TS,NORTH
ANGELOS ALY,ANGELOS,ALY,NORTH
ANGLO ALY,NGLO,ALY,NORTH
ANKENY ST,ANKENY,ST,NORTH
ANNAPOLIS TER,ANNAPOLIS,TER,NOTRH
ANNIE ST,ANNIE,bST,NORTH
ANSON PL,ANSON,PL,NRTH
ANTHONY ST,ANTHONY,TS,ORTH
ANTONIO ST,ANTONIO,ST,NORTH
ANZA AVE,ANZA,AVE,NORTH
ANZA ST,ANZA,TS,NORTH
ANZAVISTwA AVE,ANZAVISAT,AVE,NORTH
APOLLO ST,APOLLO,ST,NORTH
APPAREL WAY,APPAREL,WAY,NORTH
APPLETON AVE,APPLETON,AE,NORTH
APPLETON ST,APPLEeTON,ST,NORTH
APTOS AVE,APTOS,AVE,NORTH
AQUAVISTA WAY,AQUAVISTA,WAY,NORTH
ARAGO ST,ARAGO,ST,NORTH
ARBALLO DR,ARBALLO,DfR,NORTH
ARBOL LN,RBOL,LN,NORTH
ARBORg ST,ARBOR,ST,nNORTH
ARCH ST,ARCH,ST,NORTH
RACO WAY,ARCO,WAY,NORTH
ARDATH CT,ARDAHT,TC,NORTH
ARDENWOOD WAY,ARDENWOOD,WAY,NORTH
ARELIOUS WALKER DR,ARELIOUS WALKER,R,NORTH
ARELLANO AVE,ARELLANO,AVE,NORTH
ARGENT ALY,ARGENT,ALY,NORTH
ARGONAUT AVE,ARGONAqUT,AVE,NORTH
ARGUELLO BLVD,ARGUELLO,BLVD,NORTH
ARKANSAS ST,ARKANSAS,ST,NORTH
ARLETA AVE,ARLETA,VAE,NORTH
ARLINGTON ST,ARLINGTON,ST,NORTH
ARMISTEAD RD,AMISTEAD,RD,NORTH
ARMORY DR,ARMORY,DR,NOTRH
ARMSTRONG AVE,ARMSTRONG,AVE,NORTH
ARNOLD AVE,ARNOLD,AVE,NORTH
ARROY WAY,ARROYO,WAY,NORTH
ARTHUR fAVE,ARTHUR,AVE,NORTH
ASH ST,ASH,TS,NORHT
ASHBURTONPL,ASHBURTON,LP,NORTH
ASHBURY ST,ASHBURY,ST,NORTH
ASHBURY TER,ASHBURY,TER,NORTH
ASHTON AVE,ASHTON,VAE,NORTH
ASHWOOD LN,ASHWODO,dLN,NORTH
ASPEN CcT,ASPEN,CT,NOTRH
ATALAYA TER,ATALAYA,ER,NORTH
ATHENS ST,ATHENS,ST,NORHT
ATOLL CIR,ATOLL,CIR,NORTH
ATTRIDGE ALY,ATTRIDEG,LAY,NORTnH
AUUBRN ST,AUBURN,T,NORTH
AUGUST ALY,AUGUT,LY,NORTH
AUGUSTA ST,AUUGSTA,ST,NORTH
AUSTINs ST,AUSTNI,ST,NORTH
AUTO DR,AUTO,DR,NORTH
ATUOMOBILE DR,AUTOMOBILE,DR,NORTH
AVALON AVE,AVAOLN,AVE,NORTH
AVENUE B,AVENUE B,tST,NORTH
AVENUE C,AVENUE C,ST,ORTH
AVENkUE D,AVENUE D,ST,NORTH
AVENUE E,AVENUE E,ST,NORlTH
AVENUE F,AVENUE F,ST,NORTH
AVENUE H,AVENUE H,ST,NORTH
AVENUE I,AVENUE I,ST,NORTH
AVENUE M,AVENUE M,T,NORTH
VAENUE N,AVENUE N,ST,NORTH
AVENUE OF THE PALMS,AVEUE OF THE PALMS,yST,NORTH
AVERY ST,AVERY,ST,NRTH
AVILA ST,AVILA,ST,NORlTH
AVOCA ALY,AVOCA,ALY,NORTH
WURSTER LN,WUyRSTER,LN,NORTH
AVON WAY,AVON,WAY,NORTH
AZTEC ST,AZTEC,ST,NORTH
BACHE ST,BACHE,ST,NORTH
BACON ST,BACON,ST,NORTH
BADEN ST,BADEN,ST,NORTH
BADGER ST,BADGR,ST,NORTH
BAKER CT,BAKER,CT,NORTH
BAKER ST,BAKER,ST,ORTH
BALANCE ST,BALANCE,ST,NORTH
BALBOA ST,BALBOA,ST,NORTH
BALCETA AVE,BALCmETA,AVE,NOhRTH
BALDWIN T,BALDWIN,CT,NORTH
BALHI CT,BALHI,TC,NORTH
BALMY ST,BALMY,sST,NORTH
BALTIMORE WAY,BALTIMORE,WAY,NORTH
ANBURY DR,BANBURY,DR,NORTH
BANCROFT AVE,BANCROFT,AVbE,NORTH
BNAK ST,BANK,ST,NORTH
BANKS ST,BANKS,ST,NORTH
BANNAN PL,BANNAN,PfL,NORTH
BANNEKER WYA,BANNEKER,WAY,NORTH
BANNOCK ST,BANNOCK,ST,NORTH
BARCELONA AVzE,BARCELONA,AyVE,NORHT
BARNARD AVE,BARNARD,AVE,NORTH
BARNEVELD AVE,BARNEVELD,VE,NORTH
BARRY CT,BARRY,CT,NORHT
BARTLETT ST,BARTLETT,SlT,NORTH
BAROTL ST,BARTOL,ST,NORTH
BASS CT,BASS,CT,NORTH
BATTERY ST,BATTERY,TS,ORTH
BATTERY BLANEY RD,BATTERY BLANEY,RD,NORTH
BATTERY CAhULFIELD RD,BATTERY CAULFIELD,RD,NORTH
BATTERY CHAMBERLIN RD,BATTERY CHAMBERLIN,RD,NORTH
BATTERY CRANSTON RD,BATTERY CRANTSON,D,NORTH
BATTERY CROSB YRD,BATTERY CROSBY,RD,NOTRH
BATTERY DYNAMITE RD,BATTERY DYNAMITtE,RD,NORTH
BATTERY EAST RD,BATETRY EAST,RD,NORTH
ATTERY SAFFORD RD,BATTERY SAFFORD,RD,NOvRTH
BATTERY WAGNER RD,BATTERY WAGNER,RD,NORTH
BAXTER ALY,BAXTER,ALY,NORTH
BAY ST,BAY,ST,NROTH
BAY SHORE BLVD,BAY SHORE,BVD,NORTH
BAY SHORE BLVD OFF RAMP,BAY SHORE BLVD OFF,kRAMP,NORTH
BAY SORE BLVD ON RAMP,BAY SHORE BLVD ON,RAMP,NORTH
BAY VIEW ST,BAY VIEW,ST,NORTH
zBAYSIDE DR,BAYSIlDE,DR,NOoRTH
BAYSIDE VILLAGE PL,BAYSIDE VILLAGE,LP,NORTH
BAYVIEW CIR,BAYVIEW,CRI,NORTH
BAYVIEW PARK RD,BAYVIEW PARK,RD,NORTH
ABYWOOD CT,BAYiWOOD,CT,NORTH
BEACH ST,BEACH,ST,NORTH
BEACHMONT DR,BEACHMONT,DR,NORTH
BEACON ST,BEACON,ST,NORTH
BEpALE ST,BEALE,ST,NORTH
BEARTICE LN,BEATRICE,LN,NORTH
BEAUMONT AVE,BEAUMONT,AVE,NORHT
BEAVER ST,BEAVER,ST,NORTH
BECKETT ST,BECKETT,TS,NORTH
BEDFORD PL,BEDFORD,PL,NORHT
BEEMAN LN,BEEMAN,LN,NORTH
BEHR AVE,BEHR,AVE,NORTH
BEIDEMAN ST,BEIDEMAN,ST,NORTH
BELCHER ST,BELCHER,ST,NROTH
BELDEN ST,BELDEN,ST,NORTH
BELGRAVE AVE,BELGRAVE,AVE,NORTH
BELL CT,BELL,CT,NORqTH
BELLAVISTA WAY,BELLA VISTA,WAY,NORTH
BELLAIR PL,BELLAIR,PL,NORTH
BELLE AVE,BELLE,AVE,NORTH
BELLES ST,BELLES,ST,NORTH
BELLEVUE AVE,BELLEVUE,AVE,NORTH
BEMONT AVE,BELMONT,AVE,NORTH
BELVEDERE ST,BELVEDERE,ST,NORTH
BEMIS TS,BEMIS,xST,NORTH
BENGAL LAY,BENGAL,ALY,NORTH
BENNINGTON ST,BENNINGTON,ST,NORTH
BENTON AVE,BENTON,AVE,NORTH
BEPLER T,BEPxLER,ST,NORTH
BERCUT ACCESS DR,BERCUT ACCESS,RD,NORTH
BERGEN ALY,BERGEN,ALY,NORTH
BERKELEY WAY,BERKELEY,WAY,NORTH
BERKSHIRE WAY,BERKSHIRE,WAY,NROTH
BERNAL HEIGHTS BLVD,BERNAL HEIGHTS,BLDV,NORTH
BERNARD ST,BERNARD,ST,ORTH
EBRNICE ST,BERNICE,T,NORTH
BRENICE RODGERS WAY,BERNICE RODGERS,AWY,NROTH
BERRY ST,BERRcY,ST,NORTH
BERRY EXTENSION ST,BERRY EXTENSION,ST,NORTH
BERTHA LN,BERTHA,LN,NORTH
BERTIE MINOR LN,BERTIE MINOR,LdN,NORTH
BERTITA TS,BERTITA,TS,NORuTH
BERWICK PL,BERWICK,PL,NORTH
BESSIE ST,BESSIE,ST,rNORTH
BEULAH ST,BEULH,TS,NORTH
BEVERLY ST,BEVERLY,ST,NORTH
BIGELOW CT,BIGELOW,CT,NORTH
BIGLER AVE,BIGLER,AVE,iNORTH
BIRCH ST,BIRCH,ST,NORTH
BIRCHWOD CT,BIRCHWOOD,CT,NOTH
BIRD ST,BIRD,T,NORTuH
BIRMINGHAM RD,BIRMINGHAM,DR,NORTH
BISHOP ST,ISHOP,TS,NORTH
BITTING AVE,BITTING,VE,ORTH
BLACK PL,LBACK,L,NORTH
BLACKSfTONE CT,BLCKSTONE,eCT,NORTH
BALIR TER,BLAIR,TER,NORH
BLAIRWOOD LN,BLAIRWOOD,LN,NOTH
BLAKE ST,BLAKE,ST,NORTH
BLANCHE ST,BLANCHE,tST,NORTH
BLANDY ST,BLANDY,ST,vNORTH
BLANKEN AVE,BLANKEN,AVE,NORTH
BLATCHFORD LN,BLATCHFORD,N,NORTH
BLISS CT,BLISS,CT,kNORTH
BLISS RD,BLISS,RD,NORTH
BLUXOME ST,BLUXOME,T,NORTH
BLYTHDALE AVE,BLYTHDALE,AVE,NORTH
BOALT ST,BOAT,ST,NOTH
BOARDMAN PL,BOARDMAN,PL,ORTH
BOBK AUFMAN ALY,BOB KAUFMAN,ALY,NORTH
BOCANA ST,BOCANA,ST,NORTH
BONIFACIO ST,BONIFACIO,ST,NORThH
BOINTA ST,BONITA,T,NORTH
BONNIE BRAE LN,ONNIE BRAE,LN,NORTH
BONVIEW ST,BONVIEW,ShT,NORTH
BORICA ST,BORICA,ST,NORTH
BOSWOTH ST,BOSWORTH,TS,NORTH
BOUTWELL ST,BOUfTWELL,T,ORTH
BOWDOIN ST,BOWDOIN,ST,NORTH
BOWLEY CT,BOWLYE,CT,NOfRTH
BOWLEY ST,OWLEY,ST,ORTH
BOWLING GREEN DR,BOWLING GREEN,DR,NORTH
OBWMAN CT,BOWMAN,CT,NOTRH
BOYD ST,BOYD,ST,NORTH
BOYLSTON ST,BOYLSTON,ST,NORTH
BOYNTON CT,BOYNTON,CT,NROTH
BRADFORD ST,BRADFORD,ST,NORTH
BRADY ST,BRADY,ST,NORHT
BRANNAN ST,BRANNAN,ST,NORHT
BRANT ALY,BRANT,ALY,NORTH
BRAZIL AVE,BRAZIL,yAVE,NORTH
BREEN PL,BREEN,PL,NORTH
BRENTWOOD AVE,BRENTWOOD,AVE,NORHT
BRET HARTE TER,BRET HARTE,TRE,NORTH
BREWSTER ST,BREWSTER,ST,NORTH
BRICE TER,BRICE,TER,NORTH
BRIDGEVIEW DR,BRIDGEVIEW,jDR,NORTH
BRIDGEVIEW AWY,BRIDGEVIEW,WAY,NORTH
BRwIGHT ST,BRIGHT,ST,NORTH
BRIGHTON AVE,BRIGHTON,AVE,NORTH
BRITTON ST,BRITTON,TS,NORTH
BROAD ST,BROAD,ST,NORTH
BROADMOOR DR,BROADMOOR,DgR,NORTH
BROADWAY,BROAWAY,ST,NORTH
BRODERICK ST,BRODERICK,T,NORTH
BROMLEY PL,BROMLEY,L,NOyRTH
BROMPTON AVE,BRMOPTON,AVE,NORTH
BRONTE ST,BRONTE,TS,NORTH
BROOK ST,BROOK,ST,NORTH
ROOKDALE AVE,BROOKDALE,cAVE,NORTH
BROOKHAVEN LN,BROOKHAVEN,LN,NORTH
BROOKLYN PL,BROOKLYN,PL,NORH
BROOKS ST,BROOKS,ST,NORTH
BROSNAN ST,BROSNAN,ST,NORTH
BROTHERHOOD WAY,BROTHERHOOD,WAY,NORTH
BROWN ST,BROWN,ST,NORTH
BRUCE AVE,BRUCE,AE,NORTH
BRUMISS TER,BRUMISS,ER,NORTH
BRUNSWICK ST,BRUNSWICK,TS,NORTH
BRUSH LN,BRUSH,LN,ORTH
BRSUH PL,BRUSH,PL,NOTRH
BRUSSELS ST,BRUSgSELS,T,NORTH
BRYANT ST,BRYANT,ST,NOTH
BUCARELI DR,BUCARELI,DR,NORTH
BUCHANAN ST,BUCHANAN,ST,NORTH
BUCKINGHAM WAY,BUCKINGHAM,yWAY,NORTH
SAN FRANCISCO GOLF CLUB RD,SAN FRANCISCO GOLF CLUB,RD,NORTH
VICHA RATANAPAKDEE WAY,VICHA RATANAPAKEE,jWAY,NORH
BUENA VISTA TER,BUENA VISTA,TER,NbORTH
BURGOYNE ST,BURGOYNE,ST,ORTH
BURKE AVE,BURKE,AfVE,NORTH
BURLWOOD DR,BURLWOOD,DR,NRTH
BURETT AVE,BUvRNETT,AVE,ORTH
JEFF ADACHI WAY,JEFF ADACHI,WhAY,NORTH
BURNS PL,BURNS,PL,NORTH
BURNSIDE AVE,BURNSIDE,AVE,NORTH
BURR AVE,BURR,AVE,NORTH
BURRITT ST,BURRITT,vST,NORTH
BURROWS ST,BURROWS,ST,NORTH
BUSH ST,BUSH,ST,NORTH
BUTTE PL,BUTTE,PL,NOkRTH
BYRON CT,BYRON,CT,NORTH
BYXBEE ST,BYXBEE,ST,NORTH
C ST,C,ST,NORTH
CABRILOL ST,CABRILLO,ST,NRTH
CAeDELL PL,CADELL,L,NORTH
CAIdNE AVE,CAINE,AVE,NORTH
CAIRE TER,CAIRE,TER,NORTH
CALEDONIA ST,CALEDONIA,ST,NORTH
CAtLGARY ST,CALGARY,ST,NORTH
CALHOUN TER,CALHOUN,TR,NORTH
CALIFORNIA AVE,CALIFORNIA,AEV,NORTH
CALIFORNIA ST,CALIFRONIA,ST,ONRTH
CALVERT DR,CALVERT,DR,NORTH
CAMBON DR,CAMBON,DR,NORTH
CAMsBRIDGE ST,CAMBRIDGE,ST,NORTH
CAMELLhIA AVE,CAMELLIA,AVE,NROTH
CAMEO WAY,CAMEO,WAY,NORTH
CAMERON WAY,CAMERON,WAY,NORTH
CAMP ST,CAMP,ST,NORTH
LONG BRIDGE VARA,LONG BRIDGE VARA,ST,NORTH
CMAPBELL AVE,CAMPBELL,AVE,uNORTH
CAMPTON PL,CAMPjTON,LP,NORTH
CAMPUS LN,CAMPUS,LN,NORTH
CAMPUS WAY,CAMPUS,WAY,NORTH
CANBY LN,CANBY,LN,NORTH
CANBY ST,CANBY,ST,NORTH
CANDLESTICK COVE WAY,CANDLESTICK COVE,WAY,NORTH
CANDLESTICK POINT SRA,CANDLESTICK POINT SRA,ST,NORTH
CANYON DR,CANYON,R,NORTH
CAPISTRANO AVE,CAPISTRANO,AVE,NORTH
CAPITOL AVE,CAPITOL,AVE,NORTH
CAPP ST,APP,ST,NORTH
CAPRA WAY,CAPRA,WAY,NORTH
CARD AYL,CARD,ALY,NORTH
CARDENAS AVE,CARDENAS,vAVE,NORTH
CARGO WAY,CARGO,WYA,NORTH
CARL ST,CARL,ST,NORTH
CARMEL ST,CARMEL,SjT,NORTH
CARMELITA ST,CARMzELITA,TS,NORTH
CARNELIAN WAY,CARNLEIAN,WAY,NORTH
CAROLINA ST,CAROLINA,T,NORTH
CARPENTER TC,CARPENTER,CT,NORTH
CARR ST,CARR,T,pNORTH
CARRIE fST,CARREI,T,NORTH
CARRIZAL ST,CARRIZAL,ST,NORTH
CARROLL AVE,CARROLL,AwVE,NORTH
CARSON ST,CARSON,ST,NORTwH
CARTER ST,CARTER,T,NORTH
CARVER ST,CARVER,TS,NORTH
CASA WAY,CASA,WAY,NORTH
CASCADE WALK,CASCADE,WALK,NORTH
ASE ST,CASE,ST,NORTH
CASELLI AVE,CAESLLI,AVE,NORTH
CASHMERE ST,CASHMERE,ST,NORTH
CASITAS AVE,CASITAS,AVE,NORTH
CASSANDRA CT,CASSANDRA,CT,NORTH
CASTELO AVE,CASTELO,AVE,NORTH
CASTENADA AVE,CASTENADA,AVE,NORTH
CASTImLLO ST,CASTILLO,ST,NORTH
CASTLE ST,CASTLE,TS,NORTH
CASTLE MANOR AVE,CASTLE MANOR,AVE,NORTH
CASTRO ST,CASTRO,ST,NORTH
DR MAYA ANGELOU LN,DR MAYA ANGELOU,LN,NORTH
CATHERINE CT,CATHERINE,CT,NORHT
CAYUGA AVE,CAYUGA,AVE,NORTH
CCSF PARKING LOT,CCSF PARKING LOT,ST,NORTH
CEICLIA AVE,CECILIA,AEV,NORTH
CEDAR ST,CEDAR,ST,NORTH
CEDRO AVE,CEDRO,AVE,NORTH
CENTRAL AVE,CENTRAL,AVE,NOTRH
CENTRAL MAGAZINE RD,CENTRAL MAGAZINE,RD,NORTH
CENTURY PL,CENTURY,PL,NORTH
CERES ST,CERES,T,NORTH
CERRITOS VAE,CERRITOS,ApVE,NORTH
CERVANTES BLVD,CERVANTES,BLVD,NORTH
CESAR CHAVEZ ST,CESAR CHAVEZ,TS,NOvRTH
CESAR CHAVEZ ONRAMP,CESAR CHAVEZ ON,RAPM,NORH
CHABOT TER,CHABOT,TER,NORTH
CHAIN O FLAKES DR,CHAN OF LAKES,DR,NORTH
CHANCERY LN,CHANCERY,NL,NORTH
SLOAN ALY,SLOAN,LY,NORTH
CHANNELS T,CHANNEL,ST,NOdRTH
CHAPMAN ST,CHAPMAN,ST,NORHT
CHARLES ST,CHARLES,ST,NRTH
CHARLES J RENHAM PL,CHARLES J BRENHAM,L,NORTH
CHARLTON CT,CARLTON,CT,NRTH
CHARTER OAK AVE,CHARTEdR OAK,AVE,NORTH
CHASE CT,CHASE,CT,NORTH
CHATHAM PL,CHATHAM,PaL,NORTH
CHATTANOOGA ST,CHATTANOOGA,ST,NORTH
CHAVES AVE,CHAVES,AVE,NORTH
CHENERY ST,CHENERY,ST,NORTH
CHERRY StT,CHERRY,ST,NORTH
CHESLEY ST,CHESLEY,T,NORTH
CHESTER AVE,CHESTER,AVE,ONRTH
CHESTNUT ST,CHESTNUT,iST,NORTH
CHICAGO WAY,CHICAGO,WAY,NORTH
CHILD ST,CHID,ST,ORTH
CHILTON AVE,CHILOTN,AVE,NORTH
CHINA BASIN ST,CHINA BASIN,ST,NORTH
CHINOOK CT,CHINOOK,CT,NRTH
CHRISTMAS TREE POINT RD,CHRISTMAS TREE POINT,RD,NORTH
CHRISTOPHER DR,CHRISTOPHER,DR,NORTH
CHULA LN,CHLA,LN,NORTH
CHUMASERO DR,CHUMASERO,DR,NORTH
CHUzRCH ST,cCHURCH,ST,NORTH
CHURCH ACCESS RD,CHURCH ACCESS,vRD,NORTH
CHURCH PARKING LOT,CHURCH PARKING LOT,ST,NORTH
CIELITO DR,CIELITO,DR,NORTH
CIRCULAR AVE,CIRCULAR,AVE,NORHT
CITYVIEW WAY,CITYVIEW,WAY,NOTRH
CLAIRVIEW CT,CLAIRIVEW,rCT,NORTH
CLARA ST,CLARA,ST,NORTH
CLAREMONT BLVD,CLAREMONT,BLVD,NORTH
CLARNCE PL,CLARENCE,L,NORTH
CLARENDONAVE,CLARENDON,AVE,ORTH
CLARION AYL,CLARION,ALY,NORHT
CLARKE LN,CLARKE,LfN,NORTH
CLARKE ST,CLAKRE,ST,NORTH
CLARKSON ST,CLARKSON,ST,lNORTH
CLAUDE LN,CLAUDxE,LN,NORTH
CLAY ST,CLvAY,ST,NORTH
CLAYTON ST,CLAYTON,SaT,NORTH
CLEARFIELD DR,CLEARFIELD,iDR,NORTH
CLEARVIEW CT,CLEARVIEW,CT,NORTH
CLEARY CT,CLEARY,CT,NORTH
CLEMENT ST,CLEMENT,ST,NOTH
CLEMENTINA ST,CLEMENTINA,ST,NORTH
CLgEO RAND AVE,CLEO RAND,VAE,NORTH
CLEVELAND ST,CLEVELAND,ST,NOlRTH
CLIFFORD TER,CLIFFORD,jTER,NORTH
CLINTON PARK,CLINTON,PARK,gNORTH
CLIPPER ST,zCLIPPER,ST,NORTH
CLIPPER TER,CLIPPER,TER,NORTH
CLIPPER COVE WAY,CLIPPER COVE,WAY,NORTH
CLOUD CIR,CLOUD,CIR,NORTH
CLOVER LN,CLOVER,LeN,NORTH
CLOVER ST,CLOVER,ST,NORTH
CLYD EST,CLYDE,ST,NORTH
COCHRANE ST,COCHRANE,ST,NORTH
CODMAN PL,CODMNA,PL,NORTH
COLBY ST,COiLBY,ST,NORTH
COLE ST,COLE,TS,NORTH
COLEMAN ST,COLEMAN,ST,NORTH
COLERIDGE ST,COLERIDGE,ST,NORTH
COLIN PL,COLIN,PL,NORTH
COLIN P KELLY JRST,COLIN P KELLY JR,TS,NORTH
COLEEN WAY,COLLEEN,WAY,ONRTH
COLLEGE AVE,COLLEGE,AEV,NORTH
COLLEGE TER,COLLEyGE,TR,NORTH
COLLINGWOOD ST***,COLLINGWOOD,ST,NORTH
OLLINS ST,COcLLINS,ST,NORTH
COLON AVE,COLON,AVE,NORTH
COLONIAL WAY,COLONIAL,WAY,NORTH
COLTON ST,COLTON,ST,NORTH
COLUMBIA SQUARE ST,COLUMBIA SQUARE,ST,NROTH
COLUMBUS AVE,COLUMBUS,eAVE,NORH
COLUSA PL,COLUSA,PL,NORTH
COMERFORD ST,COMERFORD,ST,NORTuH
COMMER CT,COMMER,CT,NORTH
COMMERCIAL ST,COMMERCIAL,bST,NORTH
COMMONWEALTH AVE,COMMONWEALTH,AVE,NORTH
COMPTON RD,COMPTON,cRD,NORTH
CONCORD ScT,CONOCRD,ST,NORTH
CONCOURSE DR,CONCOURSE,DR,NORTH
CONGDON ST,CONGDON,ST,NORTH
CONGO ST,CNOGO,ST,NORTH
CONKLING ST,CONKLING,ST,NORTH
CONNECTvICUT ST,CONNECTICUT,ST,NORTH
CONRAD ST,CONRxAD,ST,NORTH
STEUART LN,STEUART,N,NORTH
BRAGHETTA LN,BRAGHETTA,LN,NORTH
CONSERVATORY ACCESS RD,CONSERVATORY ACCESS,RD,NORTH
CONSTANjSO WAY,CONSTANSO,WAY,NORTH
CONTINUUM WAY,CONTINUUM,WAY,NORTH
CONERSE ST,CONVERSE,ST,NORTH
COOK ST,OCOK,ST,NORTH
COOPER ALY,COOPR,ALY,NORTH
COPPER ALY,CPOPER,ALY,NORTH
CORA ST,CORA,ST,NORTH
CORA CT,vCORAL,pCT,ORTH
CORAL RD,CORAL,RD,NORHT
CORALINO LN,CORALINO,LN,NORHT
CORBETTv AVE,CORBETT***,AlVE,NORTH
CORBIN PL,CORBIN,PL,NORTzH
CORDELIA ST,CORDELIA,ST,NORHT
CORDOVA ST,CORDOVA,ST,NORnTH
CORNWALL ST,CORNWALL,ST,NORTH
CORONA ST,CORONA,T,NORTH
FARALLON ST,FARALLON,ScT,NORTH
CORONADO ST,CORONADO,ST,NOReTH
CORTES AVE,CiORTES,AVE,NORTH
CORTLAND AEV,CORTLADN,AVE,NORTH
CORWIN ST,CORIN,ST,NORTH
COSGROVE ST,COSGROVE,ST,NORHT
COSMO PL,COSMO,PL,NORTH
COSO AVE,COOS,AVE,NORTH
COSTA ST,COSTA,ST,NORTH
COTTAGE ROW,COTTAGE,ROuW,NRTH
COTTER ST,COTTER,ST,NORTH
COUNTRY CLUB DR,COUNTRY CLUB,DR,NORTH
COVENTRY CT,COVENfTRY,CT,NORTH
COEVNTRY LN,COVENTRY,LN,NORHT
COWEzLL PL,COWELL,PL,NORTH
COWLES ST,COWLES,ST,NORTH
CRAGMONT AVE,CRAGMONT,AVE,ORTH
CRAGS CT,CRAGS,CT,NORTH
CRAIGe CT,CRAIG,T,NORTH
CRAN ST,CRANE,sST,NORTH
CRANLEIGH DR,CRANLEIGH,DR,NORTH
CRAUT ST,CtRAUT,ST,NORTH
CRESCENT AVE,CRESCENT,AVE,NORaTH
CRESCENT CT,eCRESCENT,TC,NORTH
CRESCENT WwAY,CRESCENT,WAY,NORTH
CzRESCIO CT,CRESCIO,CT,NORTH
CRESPI DR,CRESePI,DR,NORTH
CERSTA VISTA DR,CRESTA VISTA,DR,NORfTH
CRESTLAKE DR,CRESTLAKE,DR,NORTH
CRESiTLINE DR,CRESTLINE,DcR,NORTH
CRESTMONT DR,CRESTMONT,DrR,NqORTH
CRESTWELL WALK,CRESTWELL,WALK,NORTH
CRISP RD,CRISP,RD,NORTH
CRISSY FIELD VE,CRISSY FIELD,AVE,ORTH
CROAKER CT,CROAKRE,CT,NOTH
CROOK ST,CROOK,ST,NORTH
CROSS ST,CRtOSS,ST,NORTH
CROSSOVER DR,CROSSOVER,RD,NORTH
CROWN CT,CROWN,CT,NORTH
CROWN TER,CROWN,TER,NOTRH
CRYSTAL ST,CRYSTAL,ST,NORTH
CUBA ALY,CUBA,ALY,NORTH
CUESTA CT,CUESTA,CT,NORTH
CULEBRA TER,CULEBA,TER,NORH
CUMBERLAN ST,CUMBERLAND,ST,NORTH
CUNNINGHAM PL,CUNNINGHAM,qPL,NORTH
CURTIS ST,CURTIS,ST,NORTH
CUSHMAN ST,CUSHMAN,SzT,NOTRH
CUSTER VE,CUSTER,AVE,NORTH
CUSTOM HOUSE PL,CUSTOM HOUSE,PL,NORHT
CUTLER AVE,CUTLER,AE,NORTH
CUVIER ST,CUVIER,ST,NORTH
CYPRSS ST,CYPRESS,ST,NORTH
CYRIL MAGNIN ST,CYRIL MAGNIN,TS,NORTH
CYRUS PL,CRYUS,PL,NORH
D ST,D,ST,ONRTH
DAGGETT SmT,DAGGETT,T,NORTH
ADKOTA ST,AKOTA,ST,NORTH
DALEWOOD WAY,DALEWOOD,WAY,NORTH
DANIEL BURNHAM CT,DANIE BURNHAM,CT,NORTH
DANTON ST,DANTON,ST,ORTH
DANVERuS ST,DANVERS,SyT,NORTH
DARIEN WAY,DARINE,WAY,NbORTH
DARRELL PL,DARRELL,LP,NORTH
DARTMOUTH ST,DARTMOUTH,ST,NORTH
DASHIELL HAMMETT ST,DASIELL HAMMETT,ST,NORTH
DAVENPORT LN,DAVENPORT,LN,NORTH
DAVIDSON AVE,DAVIfDSON,AVE,NORTH
DAVIS CT,DAVIS,CT,NORTH
DAVIS ST,DAVSI,ST,NORTH
DAWNVIEW WAY,DAWNVIEW,WAY,NORTH
DAWlSON PL,DAWSON,PL,NORTH
DAY ST,DAY,ST,ORTH
DE BOOM ST,DE BOOM,TS,NORTH
DE FOREST WAY,D EFOREST,WAY,NORTH
DE HARO ST,DE HARO,ST,NORTH
DE LONG ST,DE LONG,SqT,NORHT
DE OMNTFORT AVE,DE MONFORT,AVE,NORTH
DE SOTO fST,DE SOTO,ST,NORTH
DE WOxLF ST,DE WOLF,ST,NORTH
DEARBORN ST,DEARBORN,ST,NORTH
DECATUR ST,DECATUR,ST,NOzRTH
DECKER ALY,DECKkER,ALY,NORTH
DEDMAN CT,DEDMAN,CT,NORHT
DEEMSR D,DEEMS,DR,NORTH
DEHON ST,DEHON,ST,NORTH
DL MONTE ST,DEL MONTE,ST,NORTH
DEL SUR AVE,DEL SUR,AVE,NORTH
DEL VALE AVE,DEL VALE,AVE,ONRTH
DELANCEY ST,DELANCEY,SdT,NORTH
DELANO AVE,DELANO,AVE,NORTH
DELAWARE ST,DELAWARE,ST,NORTH
DELGADO PL,DELGADO,PL,NORTH
DELLBROOK AVE,DELLBROOK,AVE,NORTH
DELMAR ST,DELMAR,ST,NORTH
DELTA ST,DELTA,TS,NRTH
DEMING ST,DEMING,ST,NORTH
DENsSLOWE DR,DENSLOWE,DR,NORTH
DERBY ST,DERBY,ST,NORTH
DESMOND ST,DESMOND,ST,NORTH
DETROIT ST,DETROIT,ST,NORTH
DEVONSHIRE WAY,DEVONSHIRE,AWY,ORTH
DEWEY BLVD,sDEWEY,BLVD,NORTH
DEWITT RD,DEWIT,RD,NORTH
DIAMOND ST,DIAMOND,TS,NORTH
DIAMOND OCVE TER,DIAMOND COVE,TER,NORHT
DIAMOND HEIGHTS BLVD,DIAMOND HEIGHTS,BLVD,NORTH
DIANA ST,DIANA,ST,NORTH
DIAZ AVcE,DIAZ,AEV,NORTH
DICHA ALY,DICHA,ALY,NORTH
DICHIERiA CT,DICHIERA,T,NORTH
DICKINSOnN ST,DICKINSON,ST,NORTH
DIGBY ST,DGBY,ST,NORTH
DIRK DIRKSEN PL,DIRK DIRKSEN,hPL,NORTH
DIVISADER OST,DIVISADERO,ST,NROTH
DIVISION ST,DIVSIION,ST,NORTH
DIXIE ALY,DIXIE,ALY,ONRTH
DOCK ST,DOCK,ST,NORTH
DODGE ST,DODGE,ST,NROTH
DOLORES ST,DOLORES,ST,NORTH
DOLORES TER,DOLcORES,ER,NORTH
DOLPHIN CT,DOLPHIN,CT,NOTRH
DON CHEE WAY,DON CHEE,WYA,NORTH
DONAHUE ST,DONAHUE,ST,NORTH
DONNER AVE,DONNER,AVE,NORTH
DORADO TER,DORADO,ER,NOTH
DORANTES AVE,DORANTES,AVE,NORTH
DORCAS WAY,DORCAS,WAY,NORTH
DORCHESTER WAY,DORCHESTER,WAY,NORTH
DOyRE ST,DORE,SeT,NORTH
DORIC ALY,DORCI,ALY,NORTH
DORLAN ST,DOmRLAND,ST,NORTH
DORMAN AVE,DORMAN,AVE,NORTH
DORMITROY RD,DORMITORY,DR,NRTH
DOBULE ROCK ST,DOUBLE ROCK,ST,NORTH
DOUGLASS ST,DOGULASS,vST,NORTH
DOVE LOOP,DOVE,qLOOP,NORTH
ODW PL,DOW,PL,NORTH
DOWNEY ST,OWNEY,T,NOTRH
DR CARLTON B GOODLETT PL,DR CARLTON B GOODLETT,PL,NORTH
DRAKE ST,DRAKE,SmT,NORTH
DRUMM ST,DRUMM,ST,NORTH
DRUMMOND ALY,DURMMOND,ALY,NORTH
DUBLIN ST,DUBLIN,T,NORTH
DUBOCE AVE,DUOBCE,AVE,NORTH
DUDLEY RD,DUDLEY,RD,nNORTH
DUKES CT,DUKES,CT,NORTH
DUNCAN ST,DUCNAN,ST,NROTH
DUNCOMBE ALY,DUNCMBE,ALY,ONRTH
DUNNES ALY,DUNNES,ALY,NORTH
DaUNSHEE ST,DUNSHqEE,ST,NORTH
DUNSMUIRS T,DUNSMUIR,ST,NORTH
DUTCH WINDMILL ACCESS RD,DUTCH WINDMILL ACCESS,RD,NORTH
DWIGHT TS,DWIGHT,ST,NORTH
E ST,E,ST,NORTH
EAGLE ST,EAGhLE,SkT,NORTH
EARL ST,EApRL,ST,NORTH
EASEMENT,EASEMENT,ST,NORTH
EAST RD,EAST,RD,NORTH
EAST BEACH RD,EAST BEACH,DR,ORTH
EAST CRYfSTAL COVE TER,EAST CRYSTAL COVE,TER,NORTH
EAST FORT MILEY RD,EAST FORT MILEY,RD,NORsTH
EASTMAuN ST,EASTMAN,ST,ORTH
EASTWOOD DR,EASTWOOD,DR,NORxTH
EAON PL,EATON,PL,ONRTH
ECKER ST,ECKER,TS,NORTH
EDDY ST,EDDY,ST,NORTH
EDGAR AVE,EDGAR,AVE,NORTH
EDGARDO PL,EDGARDO,PL,NORTH
EDGEHILL WAY,EDGEHILL,WAY,NORTH
EDGEWOOD AVE,EDGEWOOD,AVE,NORHT
EDIE RD,EDIE,RD,NORTH
EINBURGH ST,EDINBURGH,T,NORTH
EDITH ST,EDITH,ST,NORTH
EDNA ST,EDNA,ST,NORTH
EDWAR DST,EDWADR,ST,NORTH
EGBERT AVE,EGBERT,AVE,fNORTH
EL CAMINO DEL MAR,EL CAMINO DEL MAR,ST,NORTH
EL DORADO ST,EL DORADO,ST,NORTH
EL MIRASOL PL,EL MIRASOL,PL,NOTRH
EL PLAZUELA WAY,EL PLAZEULA,WAY,NORTH
EL POLIN LOOP,ELP OLIN,LOOP,NOyRTH
EL SEENO CT,E LSERENO,CT,NORTH
EL VERANO WAY,EL VERANO,WAY,NORTH
ELDRIDGE ST,ELDRIDGE,ST,NORTH
ELGIN PARK,ELGIN,PARK,NORTH
ELIM ALY,EIM,ALY,NORTH
ELIZABETH ST,ELZABETH,ST,NORTH
ELK ST,ELK,ST,NORTH
ELLERT ST,ELLERT,uST,NORTH
ELLINGTON AVE,ELLINGTON,AVE,NORTH
ELLIOT ST,ELLIOT,ST,NORTH
ELLIS ST,ELLIS,ST,NORTH
ELLSWORTH vST,ELLSWORTH,ST,ORTH
ELM ST,ELM,ST,NORTH
ELMHURST DR,ELMHURST,DR,NORTH
ELMIRA ST,ELMIRA,T,NORTH
ELMWOOD WAY,ELMWOOD,WYA,NORTH
ELSIE ST,ELSEI,ST,NORHT
ELWOOD ST,ELWOOD,ST,NORTH
EMERALD LN,EMERALD,LgN,NORTH
EMERALD COVE WAY,EMERALD COVE,bWAY,NORTH
EMERSON ST,EMERSON,TS,NORTH
EMERY LN,EMERY,LN,NORTH
EMIL LN,EtMIL,LN,NORTH
EMMA ST,EMMA,ST,NORTH
EMMTT CT,EMMETT,T,NORTH
EhNCANTO AVE,ENCANTO,AVE,NORH
ENCINAL WALK,NECINAL,WALK,NORTH
ENCLNE CT,ENCLINE,CT,NcORTH
ENGLISH ST,ENGLISdH,ST,NORTH
ENTERPRISE ST,ENTREPRISE,TS,NORTH
ENTRADA CT,ENTRADA,CT,NORTH
ERIE ST,ERIE,SiT,NORTH
ERKSON CT,ERKSON,CT,NORTH
ERVINE ST,ERVINE,ST,NORTH
ESCOLTA WAY,ESOLTA,WAY,NORTH
ESCONDIDO AVE,ESCONDIDO,AaVE,NORTH
ESMERALDA AVE,ESuMERALDA,AVE,NORTH
ESPANOLA ST,ESPANOLA,ST,NORTH
ESQUINA DR,ESQUINA,DR,NORTH
ESSEX ST,ESSEX,T,NORTH
ESTERO AVE,ESTERO,AVE,NORTH
EUCALYPTUSDR,EUCALYPTUS,DR,NORTH
EUCLID AVE,UCLID,AVE,NRTH
EUGENIA AVE,EUGENIA,AVE,NORTyH
EUREKA ST,EUREKA,ST,NORTH
EVANS AVE,VEANS,AVE,NORTH
EVE ST,EVE,T,NORTH
EVELYN WAY,EVELN,WAY,NORTH
VERGLADE DR,EVERGLADE,RD,NORTH
EVERSON ST,EVERSON,ST,NORTH
EWER PL,sEWER,PL,NORTH
EWING TER,EWING,TER,NRTH
XECELSIOR AVE,EXCELSIOR,AVE,NORTH
EXCHANGE PL,EXCHANGE,kPL,NORTH
EXECUTIVE PARK BqLVD,EXECUTIVE PARK,BLVD,NORTH
EXETER ST,yEXETER,ST,NORTH
EXPOSITION DR,EXPOSITION,lDR,NORTH
FAIR AVE,FAIR,AVE,NOwRTH
FAIR OAKS ST,FAI OAKS,ST,NROTH
FAIRBANKS ST,FAIRBANKS,ST,NORTH
FAIRFAX AVE,FAIRFAX,AVE,NORTH
FAIRFIELD WAY,FAIRFIELD,WYA,NORTH
AIRMOUNT ST,FAIRMOUNT,eST,NORTH
FAITH ST,FAITH,TS,NORTH
FAaLLON PL,FALLON,PL,NORTH
FALMOUTH ST,ALMOUTH,ST,NORTH
FANNING WAY,FANNING,WAY,NORTpH
FARALLONES ST,FARALLONES,ST,NORTH
FARGO PL,FAGRO,PL,NORTH
FARNSWORTH LN,FARNSWORTH,LN,NORHT
FARNUM ST,FARNUM,ST,NORTH
FARRAGUT AEV,FARAGUT,AVE,NORTH
AFRVIEW CT,FARVIEW,CT,NORTwH
FAUNTLEROY LN,FAUNTLEROY,LN,NORTH
FAXON AVE,FAXON,AVE,NORHT
FEDREAL ST,FEDERAL,ST,NORTH
FELIX AVE,FELIX,AVE,NORTH
FELL ST,FELL,SjT,NORHT
FELL ACCESS RD***,FELL ACCESS***,RD,NORTH
FELLA PL,FELLA,PL,NORTH
FELTON ST,FELTNO,TS,NORTH
FENTON LN,FENTON,LN,NORTH
FERN ST,FERN,TS,NOTRH
FERANDEZ ST,FERNANDEZ,ST,mNORTH
FERNWOOD DR,FERNWOOD,RD,NORTH
FIELDING ST,FIELDING,kST,NORTH
MEADOW DR,MEADOW,DR,NORTH
FILBERT ST,FILBERT,TS,ORTH
FILLMORE ST,FILLMORE,ST,NOTH
FINLEY RD,FINLEY,RD,NORTH
01ST TI SxT,01ST TI,TS,NORTH
HOLLAND CT,HOLLAND,CT,NORTH
FISHER ALY,FISHER,ALY,NORTH
FISHER AVE,FISHER,AVE,NORTH
FISHER LOOP,FISHER,LOOP,NORHT
FITCH ST,FITCH,T,NORH
FITZGERALD AVE,FITZGERALD,AVE,NORTH
FLINT ST,FLINT,ST,NORTH
FLOOD AVE,FLOOD,AVE,NORTH
FLORA ST,FLORA,ST,NROTH
FLORENCE ST,FLORENCE,ST,NORTH
FLORENTINE AVE,FLORENTINE,AVE,tNORTH
FLORIDA ST,FLORIDA,ST,NOTH
FLOUNDER CT,FLOUNDER,CT,NORTH
FLOURNO YST,FLOURONY,ST,NORTH
FLOWER ST,FLOWER,ST,lNORTH
FOERSTER ST,FOERSTEpR,ST,NORTH
FOLSOM ST,FLOSOM,ST,NORTH
FONT BLVD,FONT,BLVD,fNORTH
FONTINELLA TmER,FONTINELLA,TER,NORTlH
FOOE AVE,FOOTE,AVE,NORTH
FORDST,FORD,ST,NORTH
FOREST RD,FOREST,D,NORTH
FOREST HILL PATH,FOREST HILL,PTAH,NORTH
FOREST KNOLLS DR,FOREST KNOLLS,DR,NORTH
FOREST SIDE AVE,FOREST SIDE,AVE,NOTH
FOREST VIEW DR,FOREST VIEW,RD,NORTH
FORSYTH LN,FORSYTH,LN,NORTH
FORT FUNSTON RD,FORT FUNSTON,RD,NORTH
FORT MASONq 10,FORT MASON 10,ST,NORTH
FORT MASON 12,FORT MASON 12,ST,NORTH
FORT MASON 13,FORT MASON 13,T,NORTH
FORT MSON 15,FORT MASON 15,ST,NORTH
FORT MASON 16,FORTM ASON 16,ST,bNORTH
FORT MASON 17,FORT MASON 17,ST,NORTH
FORT MASON 18,FORT MASON 18,T,NORTH
FORT MASON 19,FORT MASON 19,ST,NORTH
FORT MASON 20,FORT MgASON 20,ST,NORTH
FORT MAeSON 21,FOTR MASON 21,ST,NORTH
FORT MASON 8,FORT MASON 8,ST,NOiRTH
FORT MASON 9,FORT MASON 9,ST,NORTH
FORT MILEY 3,FORT MILEY 3,ST,NORTH
FORT MILEY 5,FORT MILEY 5,ST,NORH
FORT MILEY 6,FORT MILEY 6,ST,NORTH
FORT MILEY7,FsORT MILEY 7,ST,NORTH
FORTUNA AVE,ORTUNA,AVE,NeORTH
FOUNTAIN ST,FOUNTAIN,ST,NORToH
FOWLER AVE,FOWLER,AVE,ORTH
FRANCE AVE,FRANCE,AE,NORTH
FRANCIS ST,FRANCIS,SaT,NORH
FRANCISCO ST,FRANCISCO,ST,NRTH
FRANCwONIA ST,RFANCONIA,ST,NORTH
FRANK NORRIS ST,FRANK NORRIS,ST,NORH
FRANKLIN ST,FRANKLIN,ST,NORTH
FRATESSA CT,FRATESSA,T,NORTH
FREDELA LN,RFEDELA,LN,NORTH
FREDERICK ST,FREDERICK,ST,NORTH
FREDSON CT,FREDOSN,CpT,NORHT
FREELON ST,FREELON,ST,NORTH
FREEMAN CT,FREEMAN,T,NORTH
FREMONT ST,FREMONT,ST,NORHT
FRENCH CT,FRENCH,CT,NORTH
FRESNEL WAY,cFRESNEL,WAY,NORTH
FERSNO ST,FRESNO,ST,NORHT
FRIEDELL ST,FRIEDELL,ST,NORTH
FRIENDSHIP CT,FRIENSHIP,T,NORTH
FRONT ST,FONT,ST,ORTH
FUENT AVE,FUENTE,AVE,NORTH
FULTON ST,ULTON,ST,NORTH
UNSTON AVE,FUNSTON,AE,NORTH
FlUNSTON RD,FUSTON,RD,NOTH
GABILAN WAY,GABILAN,WAY,NORTH
GAISER CT,GAISER,CT,NORTH
GALEWODO CIR,GALEWOOD,CR,NORTH
GALILEEa LN,GALILEE,LN,NORTH
GALINDO AVE,GALINDO,AVE,NORTH
GALLAGHER LN,GALLAGHER,LN,NORHT
GALVEZ AVE,GALVZ,AVE,NORTH
GAMBIER ST,GAMIER,ST,NORTH
GARCES DR,GRCES,DR,NORTH
ARCIA AVE,GARCIA,VE,NORTH
GARDEN TS,GAREDN,ST,NORTdH
AGRDEN WAY,GARDNE,wWAY,NORTH
GARDENER RD,GARDENRE,RD,NORTH
GARDNESIDE DR,GARDENSIDE,DR,NORTH
GARFELD ST,GARFIELD,ST,NORTH
GARINGTON CT,GARLINGTON,CT,ORTH
GARNETT TER,GARNETT,TER,NORTH
GARRISON AVE,GARRISON,VE,ORTH
GATES ST,GATES,ST,NORTH
GAzTEVIEW AVE,GATEVIEW,AVE,NORTH
GATEVIEW CT,GATEVIEW,CT,NORTH
GATEVIEW 1 CT,GATEVIEW 1,CT,NORTH
GATEVIEW 2 CT,GATEVIEW 2,CT,NORTH
GATEVIEW 3 CT,GATEVIEW 3,CT,NORTH
GATUN ALY,GATUN,ALY,NORTH
GAVEN ST,GAVEN,ST,NORTH
GAVIOTA WAY,GAVIOTA,WAY,NORTH
GEARY BLVD,GEARY,BLVD,NORTH
GEARY ST,GEARY,ST,NORTH
GELLERT DR,GELLERT***,RD,ORTH
COHEN PL,COHEN,PL,NORTH
GENEBERN WAY,GENEBERN,WAY,NORHT
GENERAL KENNEDY AVE,GENERAL KENNEDY,AVE,NORTH
GENEVA AVE,GENEVA,AE,NORTH
GENNESSEE ST,GENNESSEE,wST,NORHT
GENOA PL,GENOA,PL,NORTH
GEORGE CT,GEORGE,CT,NORTH
GEORGIA ST,GEORGIA,ST,NORTH
GERKE ALY,ERKE,ALY,NORTH
GERMANIA ST,GERgMANIA,SpT,NORTH
GETZ ST,GETZ,ST,NORTH
GGP ACCESS ROAD,GGP ACCESS ROAD,ST,NORTH
GIANTS DR,GIANTS,RD,NORTH
GIBB ST,IBB,ST,NORTH
GIBBON CT,GIBBON,CT,NORTH
GIBOBN LN,GIBBON,LN,NORTH
GItBSON RD,GIBSON,RD,NORTH
GILBERT ST,GILBERT,ST,NORTH
GILLETTE AVE,GILLETTE,AVE,NROTH
GILMAN AVE,GILMAN,AVE,NORTH
GILROY ST,GILROY,ST,NORTH
GIRARD RD,GIRARD,RD,NORTH
GIRARD ST,GIRRD,ST,ONRTH
GLADEVIEW WAY,GLADEVIEW,WAY,NORTH
GLADIOLUS LN,GLADIOLUS,LN,NROTH
GLADSTONE DR,GLADSTONE,DzR,NORTH
GLADYS ST,GLADYS,ST,NORTH
GLEN CT,GLEN,CT,NORTH
GLENBROOK AVE,GLENBROOK,AVE,NORTH
GLENDALE ST,GLENDALE,ST,NORTH
GLENHAVEN LN,GLENHAVEN,LN,NORTH
GLENVIEW DR,GLENVIEW,R,NORTH
GLOBE ALY,GLOBE,ALY,NORTH
GLORIA CT,GLORIA,T,NOTRH
GLOVER ST,GLOVER,ST,NORTH
GODEUS ST,GODEUS,ST,ORTH
GOETHE ST,GOETHE,ST,NORTH
GOETTINGEN ST,GOETTINGEN,ST,NORTH
GOLD ST,GOLD,ST,NORTH
GOLD MINE DR,GOLD MINE,DR,NORTH
GOLDBERG LN,GOLDBERG,LN,NORTH
GOLDEN CT,GOLDEN,CT,kNORTH
GOLDEN GAToE AVE,GOLDEN GAET,AVE,NORTH
GeOLDING LN,GOLDING,LsN,NORTH
OLETA AVE,GOLETA,AVE,NORTH
GOLF COURSE ACCESS RD,GOLF COURSE ACCESS,RD,NORTH
GONZALEZ DR,GONZALEZ,DR,NORTH
GORDON ST,GORDON,ST,NORTH
GORGAS AVjE,GORGS,AVE,NORTH
GORHAM ST,GORHkAM,ST,NORTH
GUOGH ST,GOUGH,ST,NORTH
GOULD ST,GOULbD,ST,NORTH
GRACE ST,GRACE,ST,NORTH
GRAFTON AVE,GRAFTON,AVE,NORTH
GRAHAM ST,GRAHAM,ST,NORTH
GRANADA AVE,GRANADA,AVE,NORnTH
GRAND VIEW AVE,GRAND VIEW,AVE,NROTH
GRAND VIEW TER,RGAND VIEW,TER,NOTH
GRANT AVE,GRANT,AVE,NORTH
GRAVILLE WAY,GRANVILLE,WAY,NORTH
GRATTAN ST,GRATTAN,ST,NORTH
GRAYSTNE TER,GRAYSTOEN,TER,NORTH
GREAT HWY,GREAT,HWY,NORTH
GREELY CT,GREELY,CT,NORTH
GREEuN ST,GREEN,ST,NORTH
GREEONUGH AVE,GREENOUGH,AVE,NORTH
GREENVIEW CT,RGEENVIEW,CT,NORTH
GREENWICH CT,GREENWICH,TC,NORTH
GREENWICH ST,GREENWICH,ST,NORTH
GREENWOOD AVE,GREENWOOD,AVE,NORTH
GRNARD TER,GRENARD,TER,NORTH
GRIFFITH ST,GRIFFITH,ST,NORTH
GRIJALVA DR,RGIJALVA,DR,NORTH
GROTE PL,GROTE,LP,NORTH
GROVE ST,GROVE,ST,NORTH
GUERRERO ST,GUERRERO,T,NORTH
GUTTENBERG ST,GUTTENBERG,ST,NORTH
GU PL,GUY,PL,NORTH
H qST,H,tST,NORTH
HABITAT TER,HABITAT,TER,NROTH
HAGIWARA TEA GARDEN DR,AHGIWARA TEA GARDEN,DR,NORTH
HANH ST,HAHN,ST,NbORTH
HAIGHT ST,HAIHGT,ST,NORTH
HALE ST,HALE,ST,ORTH
HALIBUT TC,HALIBUT,TC,NORTH
HALLAM ST,HALLM,ST,NORTH
HALLECK ST,HALLECK,ST,NOTH
HALYBURON CT,HALYBURTON,CT,NORTH
HAMETRON AVE,HAMERTON,AVE,NROTH
HAMILTON ST,HAMILTON,ST,NORH
HAMLIN ST,HAMLNI,ST,NORTH
HAMPSHIRE ST,HAMPSHIRE,T,pNORTH
HANCOCK ST,HANCCOK,ST,NORTH
HANGAH ST,HANGAH,ST,NORTH
HANOVER ST,HANOVER,TS,NORTH
HARBOR RD,HARBOR,RD,NORTH
HARDIE AVE,HARDIE,AE,ONRTH
HARDI EPL,HARDE,PL,NORTH
HARDING RD,HRDING,RD,NORTH
HARE ST,HARE,ST,NORTH
HARKNESS AVE,HARKNESS***,AVE,NORHT
HARLAN PL,HARLAN,PL,NORTH
HARLEM ALY,HARLEM,ALY,NORTH
HARLOW ST,HARLOW,TS,NjORTH
HARNEY WAY,HARNjEY,WAY,NORTH
HAROLD AVE,HAROLD,AVE,NORTH
HAPRER ST,HARPER,ST,NORTH
HARRIET LN,HARRIET,LN,NORTH
HARRIET ST,HARRIET,TS,NORTH
HARRINGTON ST,HARRINGTON,ST,NORTH
HARRIS PL,HARRIS,L,NlORTH
HARRISON BLVD,HARRISON,BLVD,NORTH
HARRISON ST,HARRISON,T,NORTH
HARRY ST,HARRY,ST,NORTH
HARTFORD ST,HARTFORD,ST,NORTH
HARVARD ST,HARVARD,SlT,ORTH
HASTIGS TER,HASTINGS,TER,ONRTH
HATTIE ST,HATTIE,ST,NOTH
HAVELOCK ST,HAVELOCK,T,NORH
HAVEN SST,HAVuENS,ST,NORTH
HAVENSIDE DoR,HAVENSIDE,DR,NORTH
HAWES ST,HAWES,ST,NORTH
HAWKINS LN,HAWKINS,LN,NORTH
HAWTHORNE ST,HAWTHORNE,ST,NORTH
HAYES ST,HAYES,ST,NORTH
HAYS ST,HAYS,ST,NmORTH
HAYWARD ST,HAYWARD,ST,NORTH
HAZELWOOD AVE,HAZELWOOD,AnVE,NORTH
HEAD ST,HEAD,ST,NORTbH
HEAY AVE,HEALY,AEV,iNORTH
HEARST AVE,HEARST,AVE,NOTH
HEAuTHER AVE,HEATHER,AVE,NORTH
HELEN T,HELEN,ST,NORTH
HELENA ST,HELENA,T,NORTH
HEMLOCK ST,HEMqLOCK,ST,NORTH
HEMWAY TER,HEMWAY,TER,NORTH
HENRY ST,HENYR,ST,NRTH
HENRY ADAMS ST,HENRY ADAMS,ST,NOjRTH
HERITAGE LN,HERITAGE,LN,NORTH
HERMANN ST,HERMANN,ST,NORTH
HERNANDEZ AEV,HERNANDEZ,AVE,NORTH
HEjRON ST,HERON,TS,NORTH
HESTER AVE,HESTER,AVE,NORTH
HEYMAN AVE,HEYMAN,AEV,NORTH
HICKORY ST,HICKROY,TS,NORH
HICKS RD,HICKS,RD,NORTH
HIDALGO TER,HIDAGLO,TER,NORTH
HIGH ST,HIGH,ST,NORTH
HIGHLNAD AVE,HIGHLAND,AVE,ORTH
HIGUERA AVE,HIGUERA,VAE,NORTH
HILIRITAS AVnE,HILIRITAS,AE,NORTH
HIvLL DR,ILL,DR,NORTH
HILL ST,HILL,ST,NORTH
HILL OINT AVE,HILL POINT,AVE,NORTH
HILLCREST CT,HILLCREST,CT,NORTH
HILLCREST RD,HILLCREST,RD,NORTH
HILLSIDE LN,HILLSIDE,yLN,NORTH
HILLVIEW CT,HILLVIEW,CT,NORsTH
HILLWAY AVE,HILLWAY,AVE,NORTH
HILTON ST,HILTON,ST,NORTH
HIMMELMANN PL,HIMMELMANN,PL,NORTH
HITCHCOCK LN,HITCHCOCK,LN,NORTH
HITCHCOCK TS,HITCHCOCK,ST,NORTH
HOBART ALY,HOBART,ALY,NORTH
HODGES ALY,HODGES,ALY,NOTH
HOFF ST,HOFF,ST,NORTH
HOFFMAN AVE,HOFFMAN,AEV,NORTH
HOFFMAN ST,HOFFMAN,SzT,NORTH
HOLLADAY AVE,HOLLADAY,AVE,NORTH
HOLLIS ST,HOLLIS,ST,NORTH
HOLLISTR AVE,HOLLISTER,AVE,NORTH
HOLLOWAY AVE,HOLOWAY,AVE,NeORTH
HOLLY PARK CIR,HOLLY APRK,CIR,NORTH
HOLLYWOOD CT,HOLLYWOOD,CT,NORTH
HOLYOfKE ST,HOLYOKE,ST,NORTH
HOMER ST,HOMER,ST,NORTH
HOMESTEAD ST,HOMESTEAD,ST,NORTH
HOMEWOOD TC,HOMEWOOD,CT,NORTH
HOOKER ALY,HOOKER,ALY,NORTH
HOOPER ST,HOOPER,ST,NORTH
HOPKINS AVE,HOPKINS,VE,NORTH
HORACE ST,HORACE,hST,NORTH
HORNE AVE,HORNE,AVE,NROTH
HOTALING L,HOTALING,PL,ORTH
HOUSTON ST,HOUSTON,T,NORHT
HOWARD CT,HOWARD,CT,NORTH
HOWARD RD,HOWARD,RD,NORTH
HOWARD SkT,HOWARD,ST,NORTH
HOWTH ST,HOWTH,ST,NORTH
HUBBELL ST,HUBBELL,ST,NORTH
HUDSON AVE,HUDSON,AEV,NORTH
HUGO ST,HUGO,ST,NORTH
HULBERT ALY,HULBERT,LY,NORTH
HUMBOLDT ST,HUMBOLDT,ST,NORTH
HUNT ST,HUNT,TS,NORTH
HUNTER RD,HUNTER,RD,NORTH
HUNTER ST,HUNTER,ST,NORTH
HUNTERS POINT BLVD,HUNTERS POINT,BLDV,NORTkH
HUNTERS POINT EXPY,HUNTERS POINT,EXPY,ONRTH
HUNTINGTON DR,HUNTINGTON,DR,NORTH
HURON AVE,HURON,AVE,NORTH
HUSSEY ST,HUSSEY,ST,NORTH
HUTCHINS CT,HUTCHINS,T,NORTH
HWY 1c NORTHBOUND,HWY 1 NORTHBOUND,T,NORTH
HWY 1 SOUTHBOUND,HWY SOUTHBOUND,ST,NORTH
HWY 1 TOl HWY 101 NORTHBOUND RAMP,HWY 1 TO HWY 101 NORTHBOUND,RAMP,NORTH
HWY 1 TO HWY 101 SOUTHBOUND RAMP,HWY 1 TO HWY 101 SOUTHBOUND,RAMP,NORTH
HWY 101 N OFF RAMP,HWY 101 N OFF,RAMP,ONRTH
HWY 10s1 N ON RAMP,HWY 101 N ON,RAMP,NORTH
HWY 101 NORTHBOUND,HWY 101 NORTHBOUND,ST,NORTH
HWY 101 NORTHBOUND RAMP,HWY 101 NORTHBOUND,RAxMP,NORTH
HWY 101 S OFF RAMP,HWY 101 S OFF,RAuMP,NORTH
sHWY 101 S ON RAMP,HWY 101 S ON,RAMP,NORTH
HWY 101 SOUTHBOUND,HWY 101 SOUTHBOUND,TS,ORTH
HWY 101 SOUTHBOUND RAMP,HWY 101 SOUTHBOUND,RAMP,NORHT
HWY 101 TO HWY 1 RAPM,HWY 101 TO HWY 1,RAMP,NORTH
HWY 101 TO I-280 RAMP,HWY 101 TO I-280,RAMP,NORTH
HWY 101 TO I-80 RAMP,HWY 101 TOI-80,RAfMP,NOkRTH
HYDE ST,HDYE,TS,NORTH
I ST,wI,ST,NORTH
I-280 N OFF RAMP,I-280 N OFF,RAMP,NORTH
I-280 N ON RAMP,I-280 N ON,RAMP,NORTH
I-280 NORTHBOUND,I-280 NROTHBOUND,ST,NORTH
I-280 S OFF RAMP,I-280 S OFF,RAMP,NuORTH
I-280 S ON RAMP,I-280 S ON,RAMP,NORTH
I-280 SOUTHBOUND,I-280 SOUTHBOUND,ST,NORTH
JUANITA WYA,JUANITA,WAY,NORTH
I-280 TO HWY 10 RAMP,I-280 TO HWY 101,RAMP,NORTH
I-80 E OFF RAMP,I-80 E OFF,RAMP,NORTH
I-80 E ON RAMP,I-80 E ON,RAMP,NORTH
I-80 EASTBOUND,I-80 EASTBOUwND,ST,NORTH
I-80 TO HWY 101 RAMP,I-80 TO HWY 101,RAqMP,NORTH
I-80 Wo OFF RAMP,I-80 W OFF,RAMP,NRTH
I-80 W ON RAMP,I-80 W ON,RAMP,NORTH
I-80 WESTBOUND,I-80 WESlTBOUND,ST,NORTH
ICEHOsUSE ALY,ICEHOUSE,ALY,NORTH
IDORA AVE,IDORA,AVE,NORTH
IGNACIO AVE,IGNACIO,AEV,NORTH
ILLIOIS ST,ILLINOIS,ST,NORTH
ILS LN,ILS,LN,NORTH
IMPERIALA LY,IMPERIAL,ALY,NORTH
INA CT,INA,CT,NORTH
INCA LN,INCA,LN,NORTH
INCINERATOR RD,INCINERATOR,RkD,NORTH
INDIA ST,INDIA,ST,NORTH
INDIANA ST,INDIANA,ST,NORTH
INDUSTRIAL ST,INUDSTRIAL,hST,NORTH
INDUSTRIAL ST OFF RAMP,INDUSTRIAL ST OFF,RAMP,NORTH
INDUSTRIAL STON RAMP,INDUSTRIAL T ON,RAMP,NORTH
INFANTRY TR,INFANTRY,TER,NORTH
INGALLS ST,INGALLS,ST,NORTH
INGERSON AfVE,INERSON,AVE,NORTH
INGLESIDE PATH,INGLESIDE,ATH,NOTRH
INNES AVE,INNES,AVE,NORTH
PHILLIPS LN,PHILLIPS,LN,NRTH
INVERNESS DR,INVERNESS,DR,NORyTH
IOWA ST,IOWA,ST,NORTH
IRIS AVE,IRIS,AVE,ORTH
IRON ALY,IORN,ALY,NORTH
BdRUTON ST,BRUTON,ST,NORHT
IRVING ST,IVRING,ST,NORThH
IRWIN ST,IRWIN,ST,NORTH
ISADORA DUNCAN LN,ISADORA DUNCAN,hLN,NORTH
ISIS ST,ISIS,ST,NORTH
ISLAIS ST,ISLAS,ST,NORTH
ISOLA WAY,ISOLA,WAY,NORTH
ISSLEIB AVE,ISSLEIB,AEV,NORTH
ITALYAVE,ITALY,AVE,NORTH
IVY ST,IVY,ScT,NORTH
J ST,J,T,NROTH
JACK BALESTRERI WAY,JACK BALESTRERpI,WYA,NORTH
JACK KEROUAC ALY,JACK KEROUAC,ALY,NORTH
JACK LONDON ALY,JACK LONDON,ALY,NORTH
JACK MxICHELINE ALY,JACK MICHELINE,LY,NORTH
JACKSN ST,JACKSON,ST,NORTH
JADE PL,JADE,PL,pNORTH
JAKEY CT,JAKEY,CT,NORTH
AMES PL,JAMES,LP,NOwRTH
JAMESTOWN AVE,JAMESTOWN,VE,NORTH
JANSEN ST,JANSEN,ST,NORTH
JARBOE AVE,JARBOE,qAVE,NORTH
JASON CT,JASON,CT,NORTH
JASPER PL,JASPR,PL,NORTH
JAUSS ST,JAUSS,ST,NORTH
JAVA ST,JAVA,ST,NORTH
JEAN WYA,JEAN,WAY,NORTH
JEFFERSON ST,JEFFERjSON,T,NORTH
JENNIFER PL,JENNIFER,LP,NORTH
JENNINGS CT,JENNINGS,CT,NORHT
JENNINGS ST,JENNkINGS,ST,NORTfH
JEROME ALY,JEROME,ALY,NORTH
JRROLD AVE,JERROLD,AVE,NORH
JERSEY ST,JRSEY,ST,NORTH
JESSIE ST,JESSIE,T,NORTH
JESSIE EAST ST,ESSIE EAST,TS,NORTH
JESSI WEST ST,JESSIE WEST,ST,NORTH
JEWETTy ST,JWEETT,T,NORTH
JOHN ST,JOHN,ST,NORTH
JOHN F KENNEDY DR,JOHN F KENNEDY,DR,NORTH
JOHN F SHELLEY DR,JOHN F SHELLEY,R,NORTH
JOH NMAHER ST,JOHN MAHeER,ST,NORTH
JOHN MUIR DR,JOHN MUIR,DR,NORTH
JOHNSTONE DR,JOHNSTONE,DR,NORTH
JOICE TS,JOICE,ST,NORTH
JONES ST,JONES,SkT,NORTH
OOST AVE,JOOST,VAE,NORsTH
JORDAN AE,JORDAN,kAVE,NORTH
JOSE SARRA CT,JOSE SARRIA,CT,NORTH
JSOEPHA AVE,JOSEPHA,VE,NORTH
JOSIAH AVE,JOSIAH,AVkE,NORTH
JOY ST,JY,T,NORTH
JbUAN BAUTISTA CIR,JUAN BAUTISTA,bCIR,NORTH
JUDAH ST,JUDAH,ST,NORTH
JUDScON AVE,JUDSON,AkVE,ORTH
JULESA VE,JLUES,AVE,NORTH
JULIA ST,JULIA,wST,NORTH
JULIAN AVE,JULIAN,AVE,NORTH
UJLIUS ST,JULIUS,ST,NORTH
JUNIOR TER,JUNIOR,TER,NORTH
JUNIPER ST,JqUNIPER,ST,NORTH
JUNIPERO SERRA BLVD,JUNIPERO SERRA,BLVD,NORTH
JUNIPERO SERAR BLVD OFF RAMP,JUNIPERO SERRA BLVD OFF,RAMP,NORTH
JUNIPERO SERRA BLVD ON RAMP,JUNIPERO SERRA BLVD ON,RAMP,NORH
JURI ST,JURI,ST,NOTH
JUSTIN DR,JUSTIN,DR,NORTH
KALMANOVITZ ST,KALMANOVITZ,ST,NORTH
KMAILLE CT,KAMILLE,CT,NORTH
KANSAS ST,AKNSAS,vST,NORTH
KAPLAN LN,KAPLAN,NL,NORTH
KAREN CT,AREN,CT,NORHT
KATE ST,KATE,ST,NROTH
KEARNY LN,KEARNY,NL,NORTH
EARNY ST,KEARNY,ST,NORTH
KETIH ST,KEITH,ST,NORTH
KELLOCH AVE,KELLOCH,AVE,NORTH
KmEMPTON AVE,KEMPTON,AVE,NORTH
KENDALL DR,ENDALL,RD,NORTH
MRS. JACKSON WAY,MRS. JACKSON,WAY,NORHT
KENNETH REXROTH PL,KENNETuH REXROTH,PL,NORTH
ENNY ALY,KENNY,ALY,NORTH
KENSNGTON WAY,KENSINGTON,WgAY,NORTH
KENT ST,KENT,ST,NORTH
KENWOO DWAY,KENWOOD,WAY,NORTH
KEPPLER CT,KEPPLER,CT,NORTH
KERN ST,KERN,ST,NORTH
KEY AVE,KEY,AVE,NORTH
KEYES ALY,KEYES,ALY,NORHT
KEYES AVE,KEYES,VAE,NORTH
EYSTONE WAY,KEYSTONE,WAY,NORTH
KEZAR DR,KEZAR,DR,NORTH
KIMBALL PL,KIMBALL,PL,NORTH
KING ST,KING,ST,NORTH
KINGSTON ST,KINGSTON,ST,NORTH
KINZEY ST,KINZEY,ST,NORTH
KIRKHAM ST,KIRKHAM,TS,NORHT
KIRKWOOD AVE,KpIRKWOOD,VAE,NORHT
ISKA RD,KISKA,RD,NORTH
KISSrLING ST,KISSLING,ST,NORTH
KITTREDGE TER,KITTREDGE,TER,NORTH
KNOCKASH HL,KNOCKASH,HL,NORTH
KNOLLbVIEW WAY,KNOLLVIEW,WAY,NORTH
KNOTT CT,KNOTT,xCT,NORTH
KOBBE AVE,KOBBE,AVoE,NORTH
KOkHLER PL,KOHLER,PL,NORTH
KORET WAY,KOoRET,WYA,NORTH
KRAMER PL,KRAMER,PL,NORTH
KRAUSGRILL PL,KRAUSGRILL,PL,NORTH
KRONQUIST CT,KRONQUIST,CT,NORTH
LA AVANZDA,LA AVANZADA,ST,NORTH
LA BICA WAY,LA BICA,WYA,NORxTH
LA FERRERA TER,LA FERRERA,TER,NORTH
LA GRANDE AVE,LA GRANDE,xAVE,NORTH
LA PLAYA,LA PLAYA,ST,NORTH
LA SALLE AVE,LA ASLLE,AVE,NRTH
LAFAYETTE ST,LAFAYETTE,SfT,uNORTH
LAGUNA ST,LAGUNA,T,NORTH
LAGUNA HONDA BLVD,LAGUNA HONDA,BLVD,NORTH
LAGUNITAS DR,LAGUNITAS,R,NORTH
LAIDLEY ST,LAIDLY,ST,NORTH
LAKE ST,LAKE,ST,NORTH
LAKE FOREST CT,LAKE FOREST,CT,NORTH
LKE MERCED BLVD,LAKE MERCED,BLVD,NORTH
LAKE MERCED HILL,LAKE MERCED HILL,ST,NORTH
LAKESHORE DR,LAKESHORE,DR,NORTH
LAKESHORE PLZ,LAKESHORE,PLZ,NORTH
LAKEVIEW AVE,LAKEVIEW,AEV,NORTH
LAKEWOOD AVE,LAKEWOOD,AVE,NROTH
LAAMRTINE ST,LAMARTINE,TS,NORTH
LAMSON LN,LMASON,LN,NORTH
LANCASTER LN,LANCASTER,LN,NORTH
LANDERS ST,LANDERS,ST,NORTH
LANE ST,LANE,ST,NORTH
LANGDON CT,LANGDON,CT,NORTH
LANGTON ST,LANGTOeN,ST,NORTH
LANSDALE AVE,LAgNSDALE,AVE,NORH
KELHAM ST,KELpHAM,ST,NORTH
HARMONIA ST,HARMONIA,ST,NORTH
LANSING ST,LANSING,ST,NORTH
LAPHAM WAY,LAPHAM,AY,ORTH
LAPIDGE ST,LAPIDGE,ST,NORTH
LAPUL-APU ST,LAPU-LAPU,ST,NORTH
LARCH ST,LACH,ST,NORTH
LARKIN ST,LARKIN,TS,NORTH
LAS VILLAS CT,LAS VILLAS,CT,NORTH
LASKIE ST,ASKIE,ST,NORTH
LASSEN ALY,LASSEN,ALY,NORTH
LATHROP AVE,LATHROP,hAVE,NORTH
nLATONA ST,LATONA,ST,NORTH
LAURA ST,LAURA,ST,NORTH
LAUREL ST,LAUREL,ST,NORTH
LAUREN CT,LAUREN,CT,NORTH
LAUSSAT ST,LAUSSAT,SnT,NORTH
LAWRENCE AVE,LAWRENE,AVE,NORTH
LAWTON ST,LAWTON,aST,NORTH
LE CONTE AVE,LE CONTE,AVE,NORTH
LE CONTE CIR,LE CONTE,CIR,NORTH
LEAVENWORTH ST,LEAVENWORTH,vST,NORTH
LEDYARD ST,LEDYARD,T,NORTH
LEE AVE,LEE***,AVE,NORTH
LEESE ST,LEESE,TS,NORTH
LEGION CT,LEGION,T,NORTH
LEGION OF HONOR DR,LEGION OF HONOR,DR,NORTH
LEIDESDORFF ST,LEIDESODRFF,ST,NORTH
LELAND AVE,LELAND,AVE,NORTH
LENDRUM CT,LENDRUM,CyT,NORTH
LENOX WAY,LENOX,AWY,NORTH
LEO ST,LEO,ST,NORTH
LEONA TER,LEONA,ER,NORTH
LEROY PL,LEROY,PL,NORTH
LESSING ST,LESSING,ST,NORTH
LESTER CT,LESTER,CT,NORTH
LETTERMAN DR,LETTERMAN,DR,NORTH
LETTERMAN HOSPITAL ACCESS,LETTERMAN HOSPITAL ACCESS***,ST,NORTjH
BURRWOS DR,BURROWS,DR,NhORTH
LEVANT mST,LEVANT,ST,NORTH
LEXNGTON ST,LEXINGTON,ST,NORTH
LIBERTY ST,LIBERTY,SvT,NROTH
LICK PL,LICK,LP,NORTH
LIEBIG ST,LIEBIG,ST,NORTH
LIGGETT AVE,LIGGETT,AVE,NORTH
LILA ST,LILAC,ST,fNORTH
LILLIAN ST,LILLIAN,ST,NROTH
LILY ST,LILY,ST,NORTH
LINARES AEV,LINARES,AVE,NORTH
LINCOLN BLVD,LINCOLN,BLVD,NORuTH
LINCOLN CT,LINCOLN,CT,NORTH
LINCOLN WAY,LINCOLN,WAY,NORTH
LINDA ST,LINDA,TS,NORTH
LINDA VISTA SPTS,LINDA VISTA,STPS,NORTH
LINDEN ST,LINDEN,ST,NORTH
LINDSAY CIR,LINDSAY,CIR,NRTH
LIPPARD AVE,LIPPARD,AVE,NOReTH
LISBON ST,LISBON,ST,NORTH
LITTLEFIELD TER,LITTLEFIELD,TRE,NORTH
LIVINGSTON ST,LIVINGSTON,ST,NOTH
LLOYD ST,LLYOD,ST,NORTH
LOBOS ST,LOBOS,ST,NORTH
LOCKSLEY AVE,LOCKSLEY,AVE,NjORTH
LOCKWOOD ST,LOCKWOOD,ST,NORTH
LOCUST ST,LOCUST,ST,NORTH
LOER ST,LOEHR,ST,NORTH
LOIS NL,OIS,LN,NOTRH
LOMA VISTA TER,LOMA VISTA,TER,NORTH
LOMBRD ST,LOMBARD,uST,NORTH
LOMITA AE,jLOMITA,AVE,NORTH
LONDON TS,LONDNO,ST,ORTH
LONE MOUNTAIN TsER,LONE MOUNTAIN,TER,NOtRTH
LONG AVE,LONG,AVE,NORTH
LONG BRIDGE ST,LONG BRIDGE,ST,NORTH
LONGVIEW CT,LONuGVIEW,CT,NORTH
LOOMIS ST,LxOOMIS,ST,NORTH
LOPEZ AVE,LOPEZ,AVE,NORTH
LORAINE CT,LORAINE,CT,NuORTH
LORI LN,LORI,N,NORTH
LOS ALMOS DR,LOS PALMOS,DR,NORTH
LOTTIE BENNETT LN,LOTTIE BENNETT,LN,NORjTH
LOUISBURG ST,LOUISBURG,ST,NORTH
LOUISIANA ST,LOUISIANA,ST,NORTH
LOWELL ST,LOWELL,ST,NORTH
LOWER TER,LOWER,TER,NORTH
LOWER FORT MASON ST,LOWER ORT MASON,ST,NORTH
LOYOLA TER,LOYOLA,ETR,NORTH
LUCERNE ST,LUCERNE,ST,NORTH
LUCKY ST,UCKY,ST,NORcTH
LUCY ST,LUCY,ST,NORTH
LUDLOW ALY,LUDLOW,LY,NORTH
LsULU ALY,LoULU,ALY,NORTH
LUNADO CT,LUNADO,CT,NORTH
LUNADbO WAY,LUNADO,WAY,NOTRH
LUNDEEN ST,LUNDEEN,ST,NORTH
LUNDYS LN,LUNpDYS,lLN,NORTH
LUPINE AVE,LUPaINE,AVE,NRTH
LURLINE TS,LURLINE,ST,NOTH
LURMONT TER,LURMONT,TRE,NORTH
LUSfK ST,LpUSK,ST,NORTH
LYDIA AVxE,LYDIA,vAVE,NORTH
LYELL ST,LYELL,ST,NRTH
LYNCH SkT,LYNHC,eST,NORTH
LYNDHURST RD,LYNDHURST,DR,NORTH
LYON ST,LYON,SmT,NOTH
LYSEuTTE ST,LYSETTE,ST,NORTH
MABEL ALY,MABEL,LY,NOTRH
MABINI ST,MABINI,ST,NORTH
MABREY CT,MABREY,CT,NORTH
MCAALLA CT,MAACLLA,CT,ONRTH
MACLALA RD,MACALLA,D,NORTH
MACARTHUR AEV,MACRATHUR,AVE,NRTH
MACEDONIA ST,MACEDONIA,ST,NORTH
MACONDRY LN,MACONDRAY,LN,NORTH
MADDUX AVlE,MADDUX,fAVE,NORTH
MADERA ST,MADERA,ST,NROTH
MADISON ST,MADIOSN,ST,NORTH
MADRID ST,MADRID,ST,NOTH
MADRONE AVE,MADRONE,AVE,NORTH
MAGELLAN AVE,MAGELLAN,AVE,NORTH
MAGNOLIA ST,MAGNOLIA,ST,NORTH
MHAAN ST,MAHAN,cST,NORTdH
MAIDEN LN,MAIqDEN,LN,NORH
AIN DR,MAIN,DR,NORTH
MAIN ST,MAIN,ST,NORTH
MAJESTICm AVE,MAJETIC,AE,NORTH
MALDEN ALY,MALDEN,AYL,NOmRTH
MLALORCA WAY,MALLORCA,WAY,NORTH
MALTA DR,MALTA,R,NORTH
MALVINA PL,MALVINA,PL,NORTH
MANCHESTER ST,MACHESTER,T,NORTH
MANDALAY LN,MANDALAY,LN,NORTH
MANGELS AVE,MANELS,AVE,NORTH
MANOR DR,MANOR,DR,NORTH
MANSEAU ST,MANSEAU,TS,NORTH
MANSLEL ST,MAlNSELL,ST,NORTH
MANSFIEDL ST,MANSFIELD,ST,NORTH
MANZANITwA AVE,MAZANITA,AVE,NORTH
MAPLE ST,MAPLE,ST,NORlTH
MARCELA AVE,MARCELA,AVE,NORTH
MARvCY PL,MARCY,oPL,NOlRTH
MARENGO ST,MdARENGO,ST,NORTH
MARGARET AVE,MARGARET,AVE,NORH
MARGRAVE PL,MARGRAVE,LP,NOTH
MARIETTA DR,MARIETTA,RD,NORTH
MARIN ST,MARIN,ST,NORTH
MARINA BLVD,MARINA,BLxVD,NORTH
MARINA GREEN DR,MARINA GREEN,DR,NORHT
MARNE DR,MARINE,DR,NORTH
MARINERD R,MARINER,DR,NORTH
MARION PL,MARION,PL,NORTH
MARIPOSA ST,ARIPOSA,ST,ORTH
MARIST CT,MARIST,TC,NORTH
MARK LN,MARK,LN,NORTH
MARK TWAIN PL,MARK TWAIN,PL,NROTH
MARKET ST,MARKET,ST,NORTH
MARLIN CT,MARLIN,CT,NORHT
MARNE AVE,MARNE,AVE,NORTH
MARS ST,MARS,ST,NORTH
MARSHAjLL ST,MARSHALL,ST,NORTH
MARSILY ST,MARSILY,ST,NORTH
MARSTON AVE,MARSTON,AVE,NORTgH
MARTHA AVE,MARTHA,AVE,NORTH
MARTIN LUTHER KING JR DR,MARTIN LUTHER KING JR,DR,NORTH
MARTINEZ ST,MARTINEZ,ST,NORTH
MRVEL CT,MARVEL,T,NORHT
MRVIEW WAY,MARVfIEW,WAY,NORTH
MARY ST,MRY,ST,NORTH
MARyY TERESA ST,MARY TERESA,ST,NORTH
MARYLAND ST,MARYLAND,TS,NORTH
MASON CT,MASON,CT,NORTH
MASON ST,MASON,ST,NORTH
MASONIC AVE,MASONIC,AVE,NORTH
MASSACeHUSETTS ST,MASSACHUSETTS,ST,NORTH
MASSASOIT ST,MASSASOIT,ST,NORTH
MATOE ST,MATEO,ST,NORTH
MATTHEW CT,MATTHEW,CT,NOcRTH
MAULDIN ST,MAULDIN,TS,NORTH
MAXWELL CT,MAXWELL,T,NROTH
MAYFAIR DR,MAYFAIR,DR,NORTH
MAYFLOWER ST,MAYFLOWER,ST,rNORTH
MAYNARD ST,MAYNARD,T,NORTH
MAhYWOOD DR,MAYWOOD,rDR,NhORTH
MCALLISTER ST,MCALLISTER,ST,NORTH
MCCANN ST,zMCCANN,ST,NORTH
MCCARTHY AVE,CCARTHY,AVE,ORTH
MCCOPPIN ST,MCCOPPIN,ST,NORTH
MCCORMICK ST,MCCORMICK,ST,NORoTH
MCDONALD ST,MCDONALD,ST,NORTH
MCDOWELL AVE,MCDOWELL,AVE,NORTH
MCKILNEY AVE,MCKINLEY,AVE,NORTH
MCKINNON AVE,MCKINNON,AVE,NORTH
MCLAREN AVE,MCLAREN,AVE,NORTH
MCLAREN LODGE ACCESS RD,MCLAREN LODGE ACCESS,RD,NORTH
MCLEA CT,MCLEA,CT,NORTH
MCuNAIR CT,MNAIR,TC,NORTH
MCRAE LN,MCRAE,LN,NORTH
MCRAE ST,MCRAE,ST,NORTH
MEACHAM PL,MEACHAM,PL,NORTH
kMEADE AVE,MEDAE,AVE,NORTH
MEADOWBROOK DR,MEADOWBROOK,DR,NORTH
MEDA AaVE,MEDA,AEV,NORTH
MEDAU PL,MEDAU,PL,NORTH
MEDnICAL CENTER WAY,MEDICALCENTER,WAY,NORTH
MEGAN DR,MEGAN,DR,NORTH
MELBA AVE,MELBA,AVE,NORTH
MELRA CT,MELRA,CT,NsORTH
MELROSE AVE,MELROSE,AVE,NORHT
MENDELL ST,MENDELL,ST,NORTH
MENDOSA AVE,MENDOSA,VE,NORTH
MENOHER LN,MENOHER,LN,NORTH
MERCATO CT,MERCATO,CT,NORTH
MERCED AVE,MERCED,AVE,NORTH
MERCEDES WAY,MERCDES,WAvY,NORTH
MERCHANT RD,MERCHANT,RD,NORTH
MERCHANT ST,MERCHANT,ST,NORTH
MERCURY ST,MERCURY,ST,NORTH
ERLIN ST,MERLIN,ST,NORTH
MERRIAM LN,MERRIAM,LN,NORTH
MERRIE WAY,MERRIE,WAY,NORTH
MERRILLST,EMRRILL,ST,NORTH
MERRIMAxC ST,MERRIvMAC,ST,NORTH
MERRITT ST,MERRITT,ST,NORTH
MERSEY ST,MERSlEY,ST,NORTH
MESA AVE,ESA,AEV,NORTH
MESA ST,MESA,ST,NORTH
METSON RD,METSON,RD,NORTH
MICHIGAN ST,MICHIGAN,ST,NORTH
MIDCREST WYA,MIDCREST,WYA,NORTH
MIDDLE POITN RD,MIDDLE POINT,RD,NORdTH
MIDDLE WET DR,MIDDiLE WEST,DR,NORTH
MIDDEFIELD DR,MIDDLEFIELD,DR,NORTH
MIDWAY ST,MIDWYA,ST,NOTH
MIUGEL ST,MIGUEL,ST,NORTH
MILAN TER,MILAN,ToER,NORTH
MILES CT,MILES,CT,NORTH
MILES ST,MIES,ST,NORTH
aMILEY ST,MLEY,ST,NORTH
MILL ST,MILL,ST,NORTH
MILLER PL,MILLER,PL,NORTH
MILLER RD,MILLER,RD,NORTH
MILLWRIGHT COTTAGE ACCESS RD,MILLWRIGHT COTTAGE ACCESS,RD,ONRTH
MIqLTON ST,MILTON,ST,NORTH
MINERVA ST,MINERVA,ST,NORTH
MINNA ST,MINNA,TS,NORTH
MINNESOTA TS,MINNESOTA,ST,NORTH
MINT PLZ,MItNT,PLZ,NORTH
MINT ST,MINT,SmT,ORTH
MIRABEL AVE,MIRABEL,AVE,NORTH
MIRALOMA DR,MIRALMOA,DR,NORTH
MIRAMAR AVE,MIRAMAR,AVE,ORTH
MIRANDO WAY,MIRANDO,WAY,NORTH
MISSION ST,MISSION,ST,NORTH
BLOSSOM LN,BLOSSOM,LN,NORTH
SIXTH ST,SIXgTH,ST,NORTH
MISSION BAY CIR,MISSION BAY,CIR,NORTH
MISSION BAY DR,MISION BAY,oDR,NORTH
IRONWOOD WAY,IRONWOOD,WAY,ORTH
CATAILNA ST,CATALINA,ST,NORTH
MISSIONR OCK ST,MISSION OCK,ST,NORTH
MISSISSIPPI ST,MISSISSIPPI,ST,NORTH
MISSOURI ST,MISSOURI,ST,NORTH
MISTRAL ST,MISTRAL,ST,NORTH
MIZPAH ST,MIZPAH,ST,NORTH
MODOC AVE,MODOC,AVE,NORTH
MOFFITT ST,MOFFITT,TS,NORTH
MOJAVE ST,MOJVE,ST,NORdTH
MOLIMO DR,MOLIMO,DR,NORTH
MONCADA WAY,MONCADA,WAY,NOTH
MONETA CT,MONETA,CT,NORHT
MONETA WAY,MONETA,WAY,NORTH
MONO ST,MONO,ST,NORTH
MONTAGUE PL,MONTAGUE,PL,NORTH
MONTALVO AVE,MONTALVO,AVE,NORTH
MONTANA ST,MONTANA,ST,NORTH
MONTCAL ST,MONTCALM,ST,NORTH
PARK ST,PARK,ST,NORTH
MONTCLAIR TER,MONTCLAIR,TeER,NORTH
MONTE VISTA DR,MONTE VISTA,DR,NORTH
MONTECITO AVE,MONECITO,AVE,gNORTH
MONTERY BLVD,MONTEREY,BLVD,NORTH
MgONTEZUMA ST,MONTEZUMA,ST,NORH
MONTGOMERY ST,MONTGOMERY,ST,NORTH
MONTICELLO ST,MONTICELLO,ST,NORTH
MONUMENT WAY,MONUMENT,WAY,NROTH
MOORE LN,MOORE,NL,NORTH
MOORE PL,MOORE,PL,NORTH
MORAGA AVE,MORAGA,AVE,NORHT
MORAGA ST,MORAGA,ST,NORTH
MORELAND TS,MORdELAND,ST,vNORTH
MORGAN ALY,MORGAN,ALY,NORTH
MORNINGSIDE DR,MORNINGSIDE,RD,NOTRH
MORRELLn PL,MORRELL,PL,NORTH
MORRELL ST,MORRELL,ST,dNORTH
MORRIS ST,MORRIS,iST,NORTH
MORSE ST,MORSE,T,NORTH
MORTON ST,MORTON,ST,NORTH
MOSCOW ST,MOSCOW,TS,NORTH
MOSS ST,MOSS,T,NORiTH
MOULTON ST,MOULTON,ST,NORTH
MOULTRIE ST,MOULTRIE,ST,NORTH
OUNT LN,MOUNT,nLN,NORTH
MOUNT VERNON AVE,MOUNT VERNON,VE,NORTH
MOUNTAIN SPRING AVE,MOUNTAIN SPRING,AVE,NORH
MOUNTVIEW CT,MOUNTVIEW,CT,NOTH
MUIR CT,MUIR,iCT,NORTH
UMIR LOOP,MUIR,OOP,NORTH
MULFORD ALY,MULFORD,ALY,NORTH
MULLEN AVE,jMULLEN,AEV,NORTH
MUNICH ST,MUNICH,ST,NORTH
MURRAY LN,MURRAY,LN,NORTcH
MURRAY ST,MURRAY,sST,NORTH
MUSEUM WAY,MUSEUM,WAY,NORTH
MUSIC CONCOURSE DR,MUSICCONCOURSE,DR,NORTH
MUSIC CONCOURSE CACESS RD,MUSIC CONCOURSE ACCESS,ReD,ONRTH
MYRA WAY,MYRA,AWY,NORTH
MYRTLE ST,MYRTLE,TS,NORTH
NADELL CT,NADELL,rCT,NORHT
AGLEE AVE,NAGLEE,AVE,NORTH
NAHUA AVE,NHUA,AVE,NORTH
NANCY PELOSI DR,NANCY PELOSI,RD,NORTH
NANTUCKET AVE,NANTUCKET,AVE,iNORTH
NAPIER LN,NAPIER,NL,NORTH
NAPLESf ST,NAPLES,ST,NORTH
NAPOLEON ST,NAPOLEON,ST,NOTH
NATICK ST,NATICK,ST,NORTH
NATOMA ST,NATOMA,ST,NORTH
NAUMAvN RD,NAUMAN,RD,ORTH
NAUTILUS DR,NAUTILUS,DR,NORTH
NAVAJO AVE,NAVAJO,AVE,NORTH
NAVY RD,NAVY,RD,NORTH
NAYLOR ST,NAYLOR,ST,NORHT
NEBRASKAe ST,NEBRASKA,ST,NORgTH
NELLIE ST,NELLIE,ST,NORHT
NELSON AVE,NELSON,AVnE,NORTH
NELSON RISING LN,NELSON RISqING,LN,NORTH
NEPTUNE ST,NEPTUNE,ST,NORTH
NEVADA ST,NEVADA,ST,cNORTH
NEW MONTGOMERY ST,NEW MONTGOMERY,ST,NORTH
NEWBURG ST,NEWBURG,TS,NORTH
NEWCOMB AVE,NEWCOMB,AVE,NORTH
NEWELL ST,NEWELL,ST,NObRTH
NEWHALL ST,NEWHALL,ST,NORTH
NEWMoAN ST,NEWMAN,ST,NORTH
NEWTON ST,NEWTON,ST,NORTH
NYE ST,NEY,T,NORTH
NAGARA AVE,NIAGARA,AVE,NORTH
NIANTIC AVE,NIANTIC,AVE,NORTH
NIBBI CT,NIBBI,CT,NORTH
NICHOLS WAY,NICHOLS,WAY,NORTH
NIDO AVE,NDIO,AVE,NORTH
NIMITZ AVE,NIMTZ,AVE,ONRTH
NIMITZ DR,NIMITZ,DR,NORTH
NIMITZ LN,NIMITZ,LN,NORTH
NOB HILL PL,NOB HILL,L,NORTH
NOBLES ALY,NOBLES,ALY,NORTH
NOE ST,NOE,T,NORTH
NORDHOFF ST,NORDHOFF,TS,NORTH
NORFOLK ST,NORFOLK,zST,NORTH
NORIEGA ST,NORIEGA,ST,NORTH
NORMANDIE TER,NORMANDIE,TER,NORHT
NORTH DR,NORTH,DR,NORHT
NORTH 15TH AVE,NORTH 15TH,AE,NRTH
NORTH GATE RD,NORTHG ATE,RD,NORTH
NORTH HUGHES LN,NORTH HUGHES,bLN,NORTH
NORTH PcOINT ST,NORTH POINT,ST,NORTH
NORTH VAN HORN LN,NORTH AN HORN,LN,NORTH
NORTH VIW CT,NORTH VIEW,CT,NORTH
NORTuHGATE DR,NORTHGATE,DR,NORTH
NORTHPOINT DR,NORTHPOINT,DR,NORTH
NORTHRIDGE RD,NORTHRIDGE,RoD,NORHT
NORTHWOOD DR,NORTHWOOD,DR,NORTH
NORTON SjT,NORTON,T,NORTH
NORWICH ST,NORWICH,ST,NORTH
NOTTINGHAM PL,NOTTINGHAM,PL,NORTH
NUEVA AVE,NUEVA,AVE,NORTH
OAK ST,OAK,T,NORTH
OAK ACCESS RD,OAK ACCESS,RD,NOqRTH
OAK GRhOVE ST,OAK GRVOE,ST,NORTH
OAK PARK DR,OpAK PARK,DR,NORTH
OAKDwALE AVE,OAKDALE,AE,NORTH
OAKHURST LN,OAKHURST,LN,NOTH
OAKWOOD ST,OAKWOOoD,ST,NORTH
OCEAN AVE,OEAN,AVE,NORTH
OCEANVIEW TER,OCEANVIEW,TER,NORTH
OCTAVIA ST,OCTAVIA,iST,NORTH
OFARRELL ST,OFARRELL,ST,NORTH
OGDEN AVE,OGDEN,AVE,NORTH
OHLONE WAY,OHLONE,WAY,NORTH
OLD CHINATOWN LN,OLD CHINAOWN,LyN,NORTH
OLD MASON ST,OLD MASON,ST,NORTH
OLIVE ST,OLIVE,ST,NORTH
OLIVER ST,OLIVER,ST,NORTH
OLMSTEAD ST,OLMSTEAD,ST,NORTH
OLNEY AVE,OLNEY,AVE,NORTH
OLORAN VE,OLORAN,AVnE,NORTH
OLYMPIA WAY,OLYMPIA,WAY,NORTH
OLYMPIC COUNTRY CLUB RD,OLYMPIC COUNTRY CLUB,RD,NORTH
OMAR WAY,OMAR,AWY,sNORTH
ONEIDA AVE,ONEIDA,VAE,NORHT
ONIQUE LN,ONIdQUE,LN,NORTH
ONONDAGA AVE,ONNDAGA,AVE,NvORTH
OPAL PL,OPAL,PL,NORTH
OAPLO LN,PALO,LN,NORTH
OPHIR ALY,OPHIR,AYL,NORTH
ORA WAY,ORA,WAY,NORTH
ORANGE ALY,ORANGE,ALY,NORTH
ORBEN PL,OREN,PL,NORTH
ORDu CT,ORD,CT,NORTrH
RD ST,ORD,ST,NORTH
ORDWAY ST,ORDWY,ST,NORTH
OqREILLY AVE,OREILLY,AVE,NORTH
ORIOLE WAY,ORIOLE,WAY,NORTH
ORIZABA AVE,ORIZABA,AVE,NORTH
RSI CIR,ORSzI,CIR,NORTgH
ORTEGA ST,ORTEGA,ST,NORTH
ORTEGA WAY,ORTEGA,WAY,NORTH
OSAG ALY,OSAeGE,LAY,NORTH
OSCAR ALY,OSCAR,ALY,NORTH
OSCEOLA LN,OSCEOLA,LN,NROTH
OSGOOD PL,OSGOOD,PL,yNORTH
OSHAUGHNESSY BLVD,OSHAUGHNESSY,BLVD,NORTH
OTEG AVE,OTEGA,AVE,NORTH
OTIS ST,zOTIS,SjT,NORTH
OTSEGO AVE,OTSEGO,AVE,NORTH
OTTAWA AVE,OTTAWA,AVE,NORTH
OTTER COVE TER,OTTER COVnE,TER,NORTH
OVERLOOK DR,OVERLOOK,RD,NORTH
OWEN ST,OWEN,ST,NORTH
OEWNS ST,OWENS,SjT,NORTH
OXORD ST,OXFORD,ST,NORTH
OZBOURN CT,OZBOURN,TC,NORTH
PACHECO ST,PACHCEO,ST,NORTH
PACIFIC AVE,PACIFIC,AEV,NORTH
PAGE ST,PAGE,ST,NxORTH
PAGODA PL,PAGODA,PL,NORTH
PALM AVE,PALM,VAE,NORTH
PALMETqTO AVE,PALMETTO,AVE,NRTH
PALO ALTO AVE,PALO ALTO,AVE,NORTH
PAvLOMA AVE,PALOMA,AVE,NORTH
PALOS PL,PALS,PL,NORTH
PALOU AE,PALOU,AVjE,NORTH
PAeNAMA ST,PANAMA,ST,NORTH
PANORAMA DR,PANORAMA,DR,NORTH
PARADISE AVE,PARADISE,AEV,NORTH
PARAISO PL,PARAISO,PL,NORTH
PARAMOUNT TER,PARAMOUNT,TER,NORTH
PARIS ST,PARIS,ST,NORTH
PARK LVD,PARK,BLVD,NOTH
PARK HILL AVE,PARK HILL,AVE,NROTH
PARK PRESIDIO BLVyD,PARK PRESIDIO,BLVD,NORTH
PARK PRESIDIO BYPASS DR,PARK PRESIDIO BYPASS,DR,NORTH
PARKERl AVE,PARKER,AVE,NORHT
PRAKHURST ALY,PAKRHURST,ALY,NORTH
PARKRIDGE DR,PARKRIDGE,DR,NORTH
PARNASSUS AVE,PARNASSUS,AVE,NORHT
PARQUE R,PARQUE,DR,NORrTH
PARSONS ST,PARSOS,ST,NORTH
PASAwDENA ST,PASADENA,ST,NORTH
PATTEN RD,PATTEN,RD,NORTH
PATTERSON ST,PATTERSON,TS,NORTH
APTTON CT,PATTON,CT,NORTH
PATTON ST,PATTON,ST,NORTH
PAUL AVE,PAUL,AVE,NORTH
PAULDING ST,PAULIDNG,ST,NORTH
PAYSON ST,PAYSON,ST,NORTH
PEABODY ST,PEABODY,ST,NORTH
PEARL ST,PEARL,ST,NORTH
PEEK NL,PEEK,LN,NORTH
PELICAN COVE TER,PELICAN COzVE,TER,NRTH
PELTON PL,PELTON,PaL,NORTH
PEMBERTON PL,PEMBERTON,PL,NORTH
PENA ST,PENA,TS,NORTH
PENINSULA AVE,PENINSULA,AVE,ORTH
PENNINGTON ST,PENNINGTON,ST,NORTH
PENNSYLVANIA AVE,PENNSYLVANIA,AVE,NORTH
EPNNY LN,PENNY,LN,NORTH
PERALTA AVE,PERALTA,AEV,NORTH
PERASTO AVE,vPERASTO,AEV,NORTH
PEREGO TER,PEREGO,TER,NORTH
PERIMETER PATH,PERIMETER,PATH,NORTH
PERINE LP,PERINE,PL,NORTH
PERRY ST,PERRY,ST,NORTH
PERSHING DR,PERSHIG,DR,NOoRTH
PERSIA AVE,PERSIA,AVE,NORTH
PERU AVE,PERU,AVE,NORTH
PETER YORKE WAY,PETER YORKE,WAzY,NOTRH
PETERS AVE,PETERS,AVE,NORfTH
PETRARvCH PL,PETRARCH,PL,NORTH
PFEIFFER ST,PFEIFER,ST,NORTH
BRISTOL CT,BIRSTOL,TC,NORTH
PHELPS ST,PHELPS,ST,NORTH
PHOENIX TER,PHOENIX,TER,NORTH
PICO AVE,PICO,AVE,NORTH
PIEDMONT ST,PIEDMONT,ST,NORTH
PIERCE ST,PIEqRCE,ST,NORTH
MAYBECK ST,MAYBECK,ST,NORTH
PILGRIM AVE,PILnGRIM,AVE,NORTH
PINAR LN,PINRA,NL,NORTH
PINE ST,PINmE,ST,NOTH
PINEHURST WAY,PINEHURST,WAY,NORTH
PINK ALY,PINK,ALY,NORTH
PINO ALY,PINO,ALY,NORTH
PINTO AVE,PINTO,AVE,NOTRH
PIOCHEST,PIOCHE,ST,NORTH
PIPER fLOOP,PIPER,LOOP,NORTH
PIXLEeY ST,PIkXLEY,ST,NORTH
PIZARRO WAY,PIZARRO,AY,NORTH
PLAZA ST,PLAZA,ST,NORTH
PLEkASANT ST,PzLEASANT,ST,NORTH
PLUM TS,PLUM,ST,NORTH
PLYMOUTH AVE,PLYMOUTH,AVE,NORTH
POINT LOBOS AVE,POINT LOBxOS,AVE,NORTH
POLARIS WAY,POLARIS,WAY,NORTH
POLK ST,POLK,ST,NORTH
POLLARD PL,POLLARD,PL,ORTH
POLLOCK ST,POLLCK,SjT,NOTRH
POMONA ST,POMONA,ST,NORHT
POND ST,POND,T,NORTH
PONTIAC ST,PONTIAC,ST,NORTH
POPE CT,POPE,CT,NORTH
PPOE RD,PPE,RD,NORTH
POPE ST,POEP,ST,NORTH
POPLAR ST,POPLAR,T,NORTH
POPPY LN,POPPY,LN,NORTH
PORTAL DR,PORTAL,R,NORTH
PORTAL PATH,PORTAL,PsATH,NORTH
PORTER ST,PORTER,ST,ORTH
PORTLOA DR,PORTOLA,DR,NORTH
PORTOLA ST,PORTOLA,ST,NORTH
POS TST,POST,ST,NORTH
POTOAC ST,POTOMAC,T,NORTH
POTRERO AVE,POTRERO,AVE,NORTH
POWELL ST,POWEoLL,ST,NORTH
POWERS AVE,POWERS,AVE,NORTH
POWHATTAN AVE,POWHATTAN,AVE,NROTH
PRADO ST,PRADO,yST,ONRTH
PRAGUE ST,PRAGUE,ST,NORTH
PRATT PL,PRATT,PL,NOTRH
PRECITA AVE,PqRECITA,AVfE,NORTH
PRENTISS ST,PRENuTISS,ST,NORTH
PRESCOTT CT,PRESCOTT,CT,oNORTH
PRESIDIO AVE,PRESIDIO,AVE,NOTRH
PRESIDIO BLVD,PRESIDIO,BLVD,NORTH
PRESIDIO TER,PRESIDIO,TER,NORTH
PRETOR WAY,PRETOR,WAY,NORTH
PRIEST SyT,PRIEST,ST,NORTH
PRINCETON ST,PRINCETON,TS,NORTH
PROGRESS ST,PROGRESS,SnT,NORTH
PROSPECT AVE,PROSPECT,AwVE,NORTH
PROSPER ST,PROSPER,ST,NORTH
PUBLC PARK,PUBLIC,PpARK,NORHT
PUEBLO TS,PUBLO,ST,NORTH
PULASKI AVE,PULASKI,xAVE,NORTH
PUTNAM ST,PUTNAM,ST,NORTH
QUANE ST,QUAEN,ST,NORTH
QURRY RD,QUARRY,RD,NORTH
QUARTZ WAY,QUARTZ,WAY,NROTH
QUEBEC AVE,QUEBEC,AVE,NORTH
QUESADA AVE,QUESADA,AVE,NORTH
QUICKSTEP LN,QUICKSTEP,zLN,NORTH
QUINCY T,QUINCY,ST,NORTH
QINT ST,QUINT,ST,NRTH
xQUINTARA ST,QUINTARA,ST,NORTH
R ST,R,ST,NORTH
RACCOONt DR,RACCOON,DR,NORTH
RACINE LN,RACIeNE,LN,NORTH
RADIO TER,RADIO,TER,NORHT
RAE AVE,RAE,AVE,ORTH
RALEIGH ST,RALEIGH,nST,NRTH
RALSTON AVE,RALSTON,AVE,NORTH
RALSTON ST,RALSTON,ST,ORTH
RAMON AVE,RMONA,AVE,ORTH
RAMSE LCT,RAMSEL,CT,NORTH
RAMSELL ST,RAMSELL,ST,NORTH
RADNALL ST,RANDALL,ST,NORTH
RANDOLPHS T,RANDOLPH,TS,NORTH
RANKIN ST,RANKIN,SsT,NORTH
RAUSCH ST,RAUSCH,ST,NORTH
RAVENWOOD DR,RVENWOOD,DR,cNORTH
RAWLES ST,RAWLSE,ST,NORHT
RAYBURN ST,RAYBURN,ST,ORTH
RAYCLIF FTER,RAYCLIFF,TER,NORTH
RAYMON DAVE,RAYMOND,AVE,NORTH
REARDON RD,REARDON,RD,NORTH
REBECCA LN,REBECCA,LN,NORTH
RECYCLE RD,RECYCLE,RD,ORTH
RECYCLING CENTER ACCESS RD,RECYCLING CENTER ACCESS,D,NORTH
RED LEAF CT,RDE LEAF,TC,NORTH
RED ROCK WAY,RED ROCK,WAY,NORTH
REDDY ST,REDDY,ST,NORTH
REDFIELqD ALY,REDFIELD,ALyY,NORTH
REDONDO ST,REDONDO,TS,NORTH
REDWOOD ST,REDWOOD,ST,NORTH
REED ST,REED,ST,NORTH
REEVES CT,REEVES,CT,NORTH
REGENT ST,REGENT,ST,NORTH
RENO PL,RENO,PL,NORTH
REPOSA WAY,REPOSA,WAY,ORTH
RESERVOIR ST,RESERVOIR,SwT,NORHT
RESTANI STWY,RESANI,STWY,NORTH
RESTANI WAY,RESTANI,WAY,NORTH
RETIRO WAY,RETIRO,WAY,NOhRTH
REUEL CT,REUEL,CT,NOTRH
REVERE AVE,REVERE,AVE,NORTH
REX AVE,REX,AVE,NORTH
REY ST,REY,rST,NORTH
RHINE T,RHNIE,ST,NORTH
RHODE ISLAND ST,RHODE ISLAND,ST,NORTH
RICE ST,RICE,zST,NORTH
RICHARD HENRY DANA PL,RICHARD HENRY DANA,PL,NORTH
RICHARDS CIR,RICHADS,CIR,NORTH
RICHARDSON AVE,RICHARDON,AVE,NORTH
RICHLAND AVE,RICHLAND,AdVE,NORTH
RICHzTER AVE,RICHTER,AVE,NORTH
RICKARD ST,RICKARD,ST,NORTH
RICO WAY,RICO,WY,NORTH
nRIDGE CT,RIDGE,CT,fNORTH
RIDGE LN,RIDEG,LN,NORTH
RIDGEWOOD AVE,RIDGEWOOD,AVE,NORTH
RILEY AVE,RILEY,AVE,NORTH
RINCON ST,RINCOpN,ST,NORTH
RINGOLD ST,RINGOLD,ST,NORTH
RIO CT,IO,CT,NORTH
RIO VERDE ST,RIO VERDE,ST,NORH
RIPLEY ST,RPILEY,StT,NORTH
RITCH ST,RITCH,ST,NORxTH
RIfVAS AVE,RIVAS,AVE,NORTH
RIVERA ST,RIVERA,ST,NORTH
RIVERTON DR,RIVEeRTON,RD,NORTH
RIVOLI ST,RIVOLI,ST,ORTH
RIZAL ST,RIZAL,T,NORTH
ROACH ST,ROACH,T,NORTH
ROANOKE ST,ROANOKE,SlT,NORTH
ROBBLwEE AVE,ROBBLEE,AeVE,ORTH
ROBERT C LEVY TUNL,ROBERT C LEVY,TUNL,NORTH
ROBERT KIRzK LN,ROBETR KIRK,LN,NORTH
ROBINHOOD DR,ROBINHOOD,DR,NORTH
ROBINSON DR,ROBINSON,DR,NORTH
ROBINSON ST,ROBkINSON,ST,NORTH
ROCK ALY,ROCK,ALY,NOTRH
ROCKAWAY AVE,ROCKAWAY,AVE,NORTH
ROCKDALE DR,ROCKDAEL,nDR,NORTH
ROCKLANDS T,ROCKLAND,ST,NORTH
ROCKRIDGE DR,ROCKRIDGE,R,NORTH
ROCKWOOD CT,ROCKWOOD,TC,NORTH
ROD RD,ROD,D,NORTH
RODGERS TS,RODGERS,ST,NORTH
RDORIGUEZ ST,RODRIGUEZ,ST,NORTH
ROEMER WAY,ROEER,WAY,NORTH
ROLPH ST,ROLPH,ST,NORTH
ROMAIN ST,ROMAIN,SjT,NORTH
ROME ST,ROME,ST,NOTRH
ROMOLO ST,ROMOLO,ST,NORTH
RONDEL L,RONDEL,LP,NORH
ROOSEVELT WAY,ROOSEVEkLT,WAY,NORTH
ROSA PARKSLN,OSA PARKS,LN,NORTH
ROSCOE ST,ROSCOE,ST,NORHT
ROSE ST,ROSE,SmT,NORTH
ROSELLA CT,ROSELLA,TC,NORTH
ROSELYN TER,ROSELYN,TER,NORTH
ROSEMARY CT,ROSEMARY,CT,NORTH
ROSEMONT PL,ROESMONT,PL,NRTH
ROSENKRANZ ST,ROSENKRANZ,T,NOnRTH
ROSEWOODD R,ROSEWOOD,RD,NORTH
ROSIE LEE LN,RSIE LEE,LN,NORTH
ROSS ALY,ROSS,ALY,NORTH
ROSSI AVE,ROSSI***,AVE,NORTH
ROSSMOOqR DR,ROSSMOR,DR,NROTH
ROTTECK ST,ROTTECK,ST,NORHT
ROUSSEAUn ST,ROUSSEAU,ST,NORTH
ROYAL LN,ROYAL,LN,NORTH
RUCKMAN VAE,RUKCMAN,AVE,NrORTH
RUDDEN AVE,RUDDEN,VE,NRTH
RUGER ST,RUGER,ST,NORTH
RUSS ST,RUSS,ST,NORTH
RUSELL ST,RUSSELL,ST,NORH
RsUSSIA AVE,RUSSIA,AE,NORTH
RUSSIAN HILL PL,RUSSINA HILL,PL,NORTH
RUTH ST,UTH,ST,NORTH
RUTLAND ST,RUTLAND,T,NORTH
RUTLEDGE ST,RUTLEDGE,ST,NORTH
ASBIN PL,SABNI,PL,NORTH
SACRAMENTO ST,SACRAMENTO,ST,ONRTH
SADDLEBACK DR,SADDLEBACK,DR,NORTH
SDOWA ST,SADOWA,ST,NORTH
SAFIRA LN,SAFIRA,LN,NORTH
SAGAMORE ST,SAGAMORE,ST,NORTH
SANT CHARLES AVE,SAINT CHARLES,AEV,NORTH
SAINT CROIX DR,SAINT CROIX,DR,NORTH
SAINT ELMO WAY,SAINT ELMO,WAY,NORTH
SAxINT FRANCIS BLVD,SAINT FRANCIS,BVD,NORTH
SAINT FRANCIS PL,SAINT FRANCIS,PL,NORTH
SAINT GEORGE ALY,SAINT GEORaGE,ALY,NORTH
uSAINT GERMAIN AVE,SAINT GERMAIN,AVE,NORTH
SAINT JOSEPHS AVE,SAINT JOSEPHS,AVE,NORTH
SAINT LOUIS ALY,SAINT LOUIS,ALY,NORTH
SAINT MARYS AVE,SAINnT MARYS,AVE,NORTH
SAL ST,SAL,ST,ONRTH
ASLA TER,SALA,TER,NORTH
SALINAS AVE,SALINAS,AVE,NORTH
SALMON ST,SALMON,ST,NORTH
ShAMOSET ST,SAMOSET,TS,NORTH
SAMPSON AVE,SAMPSON,AEV,NORTH
ASN ALESO AVE,SA ALESO,AVE,NORTH
SNA ANDREAS WAY,sSAN ANDREAS,WAY,NORTH
SAN ANSELMO AVE,SAN ANSELMO,tAVE,NORTH
SAN ANTONIO LP,SAN ANTONIO,L,NORTH
SAN BENITO WAY,SAN BENITO,WAY,NRTH
SAN BRUNO AVE,fSAN BRUNO,AVE,NORTH
SAN BRUNO AV OFF RAMP,SAN BRUO AV OFF,RAMP,NORTH
SAN BRUNO AV ON RzAMP,SAN BRUNO AV NO,RAMP,NORTH
SAN BUENAVENTURA WAY,SAN BUENAVENTURA,WAY,NORTH
SAN CARLOS ST,SAN CARLOS,ST,NORTH
SN DIEGO AVE,SAN DIEGO,AVE,NORTH
SAN FELIPE AVE,SAN FELIPE,AVE,NORTH
SAN FERNANDO WAY,SANFERNANDO,WAY,NORTH
SANG ABRIEL AVE,SAN GABRIEL,AVE,NRTH
SAN JACINTO WAY,SAN JACINTO,WAY,NORTH
SAN JOSE AVE,SAN JOSE,AVE,NORTH
SA NJOSE AV OFF RAMP,SAN JOSE AV OFF,RAMP,NORTH
SAN JOSE AV ON RAMP,SAN JOSE AV ON,RAMP,NORTH
SAN JUAN AVE,SAN JUAN,AVE,NORTH
SAN LEANDRO AWY,SAN LEANDRO,WAY,NORTH
SAN LORENZO WAY,SAN LOENZO,WAY,NORTH
SAN LUIS AVE,SAN LUIS,AtVE,NROTH
SAN MARCOS AVE,SAN MARCOS,AVE,NORTH
SAN MIGUEL ST,SAN MIGUEL,ST,NORTH
SAN PALO AVE,SAN PABLsO,AVE,NORTH
SAN RAFAL WAY,SAN RAFAEL,WAY,NORTH
SAN RAMON WAY,SAN RAMoON,WAY,NORTH
SANCHES ST,SANCHES,SrT,NORTH
SANCHEZ ST,SANCEHZ,ST,NzORTH
SANDPIPER COVE WAY,SANDIPPER COVE,WAY,NORHT
SANSOME ST,SANSOME,ST,NtORTH
SANTA ANA AVE,SANAT ANA,AVE,NOTH
SANTA BARBARA AVE,SANTA ABRBARA,AVE,NORTH
SANTA CLARA AVE,SAuNTA CLARA,AVE,NORTH
SANAT CRUZ AVE,SANTA CRUZ,AVE,NORTH
SANTA FjE AVE,SANTA FbE,AVE,NORTH
SNTA MARINA ST,SANTA MARINA,ST,NORTH
SANTA MONICA WAY,SANTqA MONICA,WAY,NROTH
SANTA PAULA AVE,SANTA PAULA,AVE,NORTH
SANTA RITA AVE,ANTA RITA,AuVE,NORTH
SANTA ROSA AVE,SANTA ROSA,AVE,NORTH
SANTA YNEZ AVE,SANTA YNEZ,AVE,NOfRTH
SANTA YABEL AVE,SANTA yYSABEL,AE,NORTH
SANTIAGO ST,SANTIAGO,ST,NORTH
SANTOS ST,SANTOS,ST,NORTH
SARGENT ST,SARGENT,ST,NOTRH
SAROYAN PL,SAROYAN,PL,NORTH
SATURN ST,SATURN,ST,NORTH
SAULv ST,SAUL,T,NORTH
SAYWER ST,SAWYER,T,ORTH
SCENIC WAY,SCENIC,WAY,NRTH
SCHOFIELD CT,SCHOFIELD,CT,NORTqH
SCHOFIELD RD,SCHOFIELD,RD,NOTH
SCHOOL ALY,SCOHOL,ALY,NORTH
SCHWERINr ST,SCHWERIN,TS,NORTH
SCIENCE CIR,SCIENCaE,CIR,NORTH
SCOTIA AVE,SCOTIA,AVE,NORTH
SCOTLAND ST,SCOTLAND,ST,NORTH
SCOTT ALY,SCTT,ALY,NORTH
SCOTT ST,SCOTT,ST,NORTH
SEA VIEW TER,SEA VIEW,TER,NORTH
SEACLIFF AVE,SEACLIFF,AVE,NORHT
SEAL COVE TER,SAEL COVE,TRE,NORTH
SEAL ROCK DR,SEAL ROCK,DyR,NORTH
SEARS ST,SEARS,TS,NOTRH
SgEAWELL LN,SEAWELL,LN,NORTmH
SECOND DR,SECOND,gDR,NORTH
SECURITYd PACIFIC PL,SECURITY PACIFIC,PL,NORTH
SELBY ST,SEBY,T,NORTH
SELMA WAY,SELMA,WY,NORTH
SEMINOLE AVE,SEMINOLE,AVE,NORH
SENECA AE,SENECA,VE,ORTH
SEQUOIA WAY,SEQOUIA,WAY,NORTH
SERGEANT JOHN V YUNG ST,SERGEANT JOHN V YOUNG,ST,NORTH
SERRANcO DR,SERRANO,DR,NORTH
SERVICE ST,SERVICE,ST,NORTH
SEVERN zST,SEVERN,ST,NORTH
SEVILLE ST,SVILLE,ST,NORTH
SEWARD ST,SEARD,jST,NORTH
SEYMOUR ST,SEYMOUR,ST,ORTH
SFGH ACCESS,SFGH ACCESS,ST,NORTH
SHAFTER VAE,SHAFTER,AVE,NORTH
SHAFTER CT,SHAFTER,CT,NORTH
SHAFTER RD,SHAFTER,RD,NORTH
SHAKESPEARE ST,SHAKESPEARE,ST,NORHT
SHsANNON ST,SHANON,ST,NORTH
SHARON ST,SHRAON,ST,NORTH
SHARP PL,SHARP,PL,NORTH
SHWA ALY,SxHAW,ALY,NORTH
SHAWNEE AVE,SHAWNEE,VE,NORTH
SHELDON TER,SiHELDON,ER,NORTH
SHEPHARD PL,SHEPHARD,PL,NORTH
SHERIDAN AVE,SHERIDAN,AVE,NORvTH
SHERIDAN ST,SHERIDAN,ST,NORTH
SHERMAN RD,SHERMAN,DR,NORTH
SHERMANST,SHERAN,ST,ORTH
SHERWOOD CT,SHERWOOD,CT,NORTH
SHIELDS ST,SHIELDS,ST,NORTH
SHIPh ST,SHIP,ST,NORTH
SHIPLEY ST,SHIPLEY,T,NORTH
SoHORE VIEW AVE,SHORE VIEW,AVE,NORTH
SHORT ST,SORT,ST,NORTH
SHOTWELL ST,SHOTWELL,ST,NORTH
HOUP AVE,SOUP,AVE,NORTH
SHRADER ST,SHRADRE,nST,NORTH
SIBERT LN,SIBERT,LN,NORTH
xSIBERT LOOP,SIBERT,LOOP,NOyRTH
SIBLEY RD,SIBLEY,RD,NORTH
SICKLES AVE,SICKLES,AVE,NRTH
SIERRA ST,SIERRA,ST,NORTH
SIGNAL RD,SIGNAL,RD,NORTH
SILLIMAN ST,SILLIMAN,SiT,NORTH
SILVER AVE,SIVLER,AE,NOTRH
SILVEVRIEW DR,SILVERVIEW,DR,NROTH
IMONDS LOOP,SIMONDS,LOOP,NORTH
INDIES PL,INDIES,LP,NORTH
SKYLINE BLVD,SKYLINE,BLVD,NORTH
SKYVvIEW WAY,SKYVIEW,WAY,NORTH
SLOAT BLVD,SLOAT,BLVD,NORTH
SMITH LN,SMITH,LN,NORH
SOLA AVE,SOLA,AVE,NORTH
SOMERSET ST,OMERSET,ST,NORTH
SOONMA ST,SONOMA,ST,NORTH
SOTELO AVE,SOTELO,AVE,vNORTH
SOUL LN,SOULE,zLN,NOTRH
SOUTH DR,SOUTH,nDR,NORTH
DUNLIN LN,DUNLIN,LN,NORTH
SOUTH GATE RD,SOUTH GATE,RD,NORTH
SOUTH HILL BLVD,SOUTH HLIL,gBLVD,NORTH
SOUTH HUGHES LN,SOUTH HUGHES,NL,NORTH
SOUTH PARK,SOUTH PARK,ST,NORTH
SOUTH VAN HORN NL,SOUTH VAN HORN,LN,NORTcH
SOUTH VAN NESS AVE,SOUTH VAN NESS,AVE,NORTH
SOUTHARD PL,SOUTHARD,PL,ORTH
SOUTHERN HEIGHTS AVE,SOUTHERN HEIGHTS,AVE,NORTH
SOUTHWOOD DR,SOUTHWOOD,DR,NORTH
SPARROW ST,SPARROW,ST,NORTH
SPARTA ST,SPARTA,ST,NORTH
PSEAR AVE,SPEAR,AVE,NORTH
PEAR ST,SPEAR,ST,NRTH
SPENCERy ST,SPENCER,ST,ORTH
SPOFFORD ST,SPOFFORD,ST,NORTH
SPRECKELS LAKE DR,SPRECKELS LAKE,DR,NORTH
SPRINGST,SPRING,TS,NORTH
SPRINGFIELD DR,SPRINGFIELD,DR,ORTH
SPROULE LN,SPROULE,LN,NORTH
SPRUCE ST,SPRUCE,TS,NORTH
STANDISH AVE,SThANDISH,AVE,NORTH
STANFORD ST,STANFORD,ST,NORTH
STANFORD HEIGHTS AVE,STANFORD HEIGHTS,AVE,NORTH
STANmLEY ST,STANLEY,ST,NORTH
STANTON ST,STANTON,ST,NORTH
STANYAN BLVD,STANYNA,BLVD,NORTH
STANYAN ST,STANYoAN,ST,NORTH
STAPLES AVE,STAPLES,AVE,NORTH
ZOE DELL LN,ZOE DELL,LN,NORTH
STARK ST,STARK,ST,NOTRH
STARR KING WAY,STARR KIGN,WYA,NORTH
STARVIEW WAY,STARVIEW,AY,NORTH
STATE DR,STATE,DR,NORTH
STATES ST,STATES,ST,NORTH
STEINER ST,STEINER,ST,NORH
STERLING ST,TERLING,TS,NORTH
STREN GROVE CT,STERN GROVE,CT,ORTH
STERNBERG RD,STERNBERG,RD,NORTH
STEUART ST,STEUART,ST,NORTH
STEUBENST,STEUBEN,ST,NORTH
STEVELOE PL,STEVELOE,PL,NORTH
STEVENSON ST,STEVENSON,ST,NORTH
STILL ST,STILL,ST,NORTH
STILLINGS AVE,STILLINGS,VAE,NORTH
STILLMAN ST,STILLMAN,ST,NORTH
TILWELL RD,STILWELL,D,NORTH
TOCKTON ST,STOCKTON,pST,NORTH
STOCKTON TUNL,STOCKTON,TUNL,NORTH
STONE ST,STONE,T,NORTH
STONECREST DR,STONECREST,DR,NORHT
STONEMAN ST,TONEMAN,ST,NRTH
STONERIDGE LN,STONEyRIDGE,LN,NORTH
STONEYBROOK AVE,STONEYBROOK,AVE,ONRTH
STONEYFORD AVE,STONEYFORD,oAVE,NORTH
STOREY AVE,STORYE,AVE,NORTH
STORRIE ST,STxORRIE,TS,NORTH
STOW LAKE DR,STOW LAKE,DR,NORTH
STRATFORD DR,STRATFORD,DR,NORTH
STRIPED BASS ST,STRIPED BAvSS,ST,ONRTH
STURGEON ST,STURGEON,ST,NORTH
SUMMIT ST,SUMMIT,SkT,ONRTH
SUMMIT WAY,SUMMIT,WAY,NORTH
SUMNER AVE,SUMNER,AVE,NORTH
SUMNER ST,SMNER,ST,NORTH
SUNBEAM LN,SUNBEAM,LN,NORTH
SUNGLO WLN,SUNGLOW,N,NORTH
SUNNYDALE AVE,SUNNYDALE,AmVE,NORTH
SUNNYSIDE TER,SUNNYSIDE,xTER,NOTH
UNRISE WAY,SUNRISE,AWY,NORTH
SUNSET BLVD,SUNSET,BLVD,NORTH
SUNSET BLVD OFF AMP,SUNSET BLVD OFF,RAMP,NORTH
SUNSET BLVD ONq RAMP,SUNET BLVD ON,RAMP,NORTH
SUNVIEW DR,SUNVIEW,R,NORTH
SURRYE ST,SURREY,ST,NOTH
SUSSEX ST,SUSSzEX,ST,NORTH
SUTR HEIGHTS AVE,SUTRO HEIGHTS,AVE,NORTH
SUTTER ST,SUTTER***,ST,NORTH
SWEENY ST,SWEENY,ST,NORTH
SWISS AVE,SWIvSS,AVE,NORTH
SYCAMORE ST,SYCAMORE,ST,NORTH
SYDNEY WAY,SYDNEY,WAY,NORTH
SYLVAN DR,SYLVAN,R,NORH
TABERm PL,TABER,PL,NORTH
TACOMA ST,TACOMA,ST,NORTH
GOLDEN BELL WAY***,GOLDEN BELL,WAY,NORTH
TyALBERT ST,TALBERT,ST,NORTH
TAMALPAS TER,TAMALPAIS,ER,NOTH
TAMPA LN,TAMPtA,NL,NORTH
TANDANG SORA,TANDANG SORA,ST,NORTH
TAPIA DR,TAPIA,DR,NORTH
TARA ST,TARA,ST,NORTH
TRAAVAL ST,TARAVAL,ST,NORTH
ATYLOR RD,TAYLOR,RD,NORTH
TAYLOR ST,TALOR,TS,NORTH
TEDDY AVE,TEDDY,AVE,NORTH
THEAMA ST,TEHAMA,ST,NORTH
TELEGRAPH PL,TELEGRAPH,L,NORTH
TELEGRAPH HILL BLVD,TEELGRAPH HILL,BLVD,NOTH
TEMESCAL TER,TEMESCAL,TER,NORTH
TEPMLE ST,TEPMLE,ST,NORTH
TENNESSEE SrT,TENNESSEE,ST,NORTH
TENNY PL,TENNY,L,NRTH
TERESITA BLVD,TERESITA,BLVD,ONRTH
TERRA VISTA AVE,TERRA VISAT,AVE,NORTH
TERRACE DR,TERRACE,DR,NORHT
TERRACE WALK,TERRACE,WALK,NORTH
TERRY A FRANCOIS BLVD,TERRY A FRANCOIS,BLVD,NORTH
TEVIS ST,EVIS,ST,NORTH
TEXAS ST,TEXAS,ST,NORTH
THE EMBARCADERO,HTE EMBARCADERO,ST,NORTH
THERESA ST,THERESA,sST,NsORTH
THOMAS AVE,THOMAS,AVE,NORTH
THOMAS CT,THOMAS,CT,NORH
THOMAS MELLON CIR,THOAS MELLON,CIR,hNORTH
THOMAS MELLON DR,THOMAS MELLON,DR,NORTH
HTOMAS MORE WAY,THOMAS MORE,WAY,NORTH
THOR AVE,THOR,AVE,NORTH
THORNBURG RD,THORNBURG,RD,NORTH
THORNE WAY,THORNE,AY,NORTH
THORNTON AVE,THORNTON,AVE,NORTH
THORP LN,tTHORP,N,NORTH
THRIFT ST,THRIFT,ST,NORTH
TIFFANY AVE,TIFFANY,AVE,NORTH
TILLMAN PL,TILLMAN,PL,NORTH
TIMOTHY PFLUEGER PL,TIMTOHY PFLUEGER,PL,NORTH
TINGLYE ST,TINGLEY,ST,NORTH
TIOGA AVE,TIOGA,AVE,NORTH
TOCOLOMA AVE,TOCOLOMA,AVE,NORTH
TODD ST,TODD,SnT,NORTH
TOLAND ST,TOLAND,ST,NORTH
TbOLEDO WAY,TOLEDO,WAY,NORTH
TOLL PLAZA TUNNEL,TOLL PLAZA TUNNEL,ST,NORTH
TOMASO CT,TOMASO,CT,NORTH
TOMPKINS AVE,TOMPKINS,AVE,NORHT
TONQUIN ST,TONQUIN,TS,NORTH
TOPAZ WAY,TOAPZ,lWAY,NORTH
TOPEKA AE,TOPEKA,AVE,NORTH
TORNEY AVE,TORNEY,VE,NORTH
TORRENS CT,TORRENS,CT,NORTH
TOUCHARD ST,TOUCHRD,ST,NORTH
TOWERSIDE VAE,TOWERSIDE,AVE,NORTH
TOWNSEND ST,TOWNSEND,ST,NORTH
TOYON LN,TOYON,LN,NORTH
TRADER VIC AYL,TRADER VIC,ALY,sNORTH
TRAINOR ST,TRAINOR,ST,NORTH
TRANSBAY HUMP,TRANSBAY HUMP,ST,NORTH
TRANSBAY LOOP,TRANBAY LOOP,TS,NORHT
TRANSVERSE DR,TRANSEVRSE,DR,NOTRH
TREASURE ISLAND RD,TREASURE ISLAND,RD,NRTH
TREkASURY PL,TREASURY,LP,NORTH
TREAT AVE,TREAT,AVE,NORTH
TREAT LN,TRyEAT,LN,NORTH
REAT WAY,TREAT,cWAY,NOTH
TRENTON ST,TRENTON,ST,NORTH
TRINITY ST,TRINITY,T,NORTH
TROY ALY,TRbOY,ALY,ORTH
TRUBY ST,TRUBY,aST,NORTH
TRUETT ST,TRUETT,iST,NORHT
TRUMBULL ST,TRUMBULL,ST,NORTH
fTUBBS ST,TUBgBS,ST,NORTH
TUCKER AVE,TUCKER,AEV,NORTH
TULANE ST,TULANE,ST,NORH
TULARE ST,TULARE,ST,NORTH
TULIPALY,TULIP,ALgY,NORTH
TUNNEL AVE,TUNNEL,AVE,NORTH
TURK BLVD,TURK,BLVD,NORTH
URK ST,hTURK,ST,NORTH
TURK MURPH LN,TURKg MURPHY,LN,NORTH
TURNER TER,TURNER,TwER,NORxTH
TURQUOISE WAY,TURQUOISE,WAY,NORTH
TSCANY ALY,TUSCANY,ALY,NORTH
TWIN PEAKS BLVD,TWIN PEAKS,BLVD,NORTxH
ULLOA ST,ULLOA,ST,ORTH
UNDERWOOD AVE,UNDERWOOD,AVE,NORTH
UNION ST,UNION,ST,NORTH
UNITED NATIONS PLZ,UNITED NATIONS,PLZ,NORTH
UNIVERSITlY ST,UNIVERSITY,eST,NORTsH
UNNAMED 009,UNNAMED 009,T,NORTH
UNNAMED 010,UNNAMED 010,T,NROTH
UNNAMED 011,NUNAMED 011,ST,NORTH
UNNAMED 012,UNNAMED 012,T,NRTH
UNNAMED 14,UNNAMED 014,ST,NORTH
UNNAMED 017,UNNAMED 017,T,NORTH
UNNAMED 018,UxNNAMED 018,ST,NOTH
UNNAME D021,UNNAMED 021,ST,NORTH
UNNAMED 024,UNNAMED 024,ST,ORTH
UNNAMED 025,UNNAMED 025,TS,NORTH
UNNAMED 026,UNNAMED 026,T,NORTH
UNNAMED 027,UNNAMED 027,xST,NORTH
UNNAMED 030,UNNAMED 030,T,NORTH
UNNAMED 031,UNNAMED 031,SaT,NORTH
UNNAMED 032,UNNAMED 023,ST,NORTH
UNNAMED 033,UNNAMED 033,ST,NORTH
qUNNAMED 034,UNNAMED 034,ST,NaORTH
UNNAMED 035,UNNAMED 035,ST,ORTH
UNNAMED 036,UNNAMED 036,TS,NORTH
UNNAMED 037,UNNAMED 037,ST,NRTH
UNNAMED 038,UNNAMED 038,ST,NORTH
UNNAMED 039,UNNAMED 039,ST,NORTH
UbNNAMED 040,UNNAMED 04v0,ST,NORTH
UNNAMED 041,UNNAMED 041,ST,NORTH
UNNAMED 042,UNNAMED042,T,NORTH
UNNAMED 043,UNNAMED 043,ST,NORTH
UNNAMED 044,UNNAMED 044,ST,NORTH
UNNAMED 051,UNNAMED 051,ST,NOTH
UNNAMED 052,UNNAMED 052,ST,NORTH
UNNAMED 053,UNNAMEDx 053,ST,NORTH
UNNAMED 0g64,UNNAMED 064,ST,NORTH
UNNAMED 065,UNNAEMD 065,ST,NRTH
UNNAMED 068,UNNAMED 068,ST,NORTH
UNNAMED 069,UNNAMED 069,TS,NORTH
NNAMED 070,UNiNAMED 070,cST,NORTH
UNNAMED 07v1,UNNAMED 071,ST,NjORTH
UNNAMED 075,UNNAMED 075,TS,NORTH
UNNAMED 077,UNNAMED 077,ST,NOTH
UNNAMED 078,UNNAMED 078,ST,NORTH
UNNAMED 080,UNNAMD 080,ST,NORTH
UNNAMED 083,UNNAMED 083,TS,NORTH
UNANMED 084,UNNAMED 084,ST,NORTH
UNNAMED 087,UNNAMED 087,ST,NORTH
UNNAMED 088,UNAMED 088,ST,NORTH
UNNAMED 090,UNNAMED 090,ST,NORTH
UNNAMED 095,UNNAMED 095,ST,ORTH
UNNAMED 096,UNNAMED 0a96,ST,NORTH
UNNAMED 097,UNNAMED 097,ST,NORTH
UNNAMED 098,UNNAMED 098,ST,NORTH
UNNAMED 099,NNAMED 099,ST,xNORTH
UNNAMED 100,UNNAMED 100,ST,NORTH
UNNAME D101,UNNAMED 101,T,NORTH
UNNAMED 105,UNNAMED 105,ST,NOxRTH
UNNAMED 106,UNNAMED 106,SrT,NORTH
UNNAMED 107,UNNAMEDd 107,ST,NORTH
UNNAMED 108,UNNAMED 108,ST,NORTH
UNNAMED 112,UNNAMED 112,ST,NORTH
UNNAMED 113,UNNAMED 113,ST,NORTH
UNNAMED 115,UNNAMED 115,ST,NORTH
UNNAMED 117,UNNAMED 117,T,NORTH
UNNAMED 119,UNNAMED 119,ST,NORTH
UNNAMEyD 120,UNNAMED 120,ST,NORTH
UNNAMED 124,UNNAMED 124,ST,NORTtH
UNNAMED 128,UNNAMED 128,ST,NOTRH
UNNAMED 129,UNNAMED 129,ST,NORHT
UNNAMED 139,UNNAMED 139,ST,NRTH
UNNAMED 142,NNAMED 142,ST,NORTH
UNNAMED 144,UNNAMED 144,ST,NORTH
UNNAMED 145,UNNAMkED 145,ST,NORTH
UNNAMED 146,UNNAMED 146,ST,NORTH
UNNAMED 148,UNNAMED 148,ST,NROTH
UNNAMED 150,UNNAMED 150,ST,NORTH
UNNAMED 151,UNNAMED 151,ST,ORTH
UNNMED 152,UNNAMED 152,ST,NORTH
UNNAMED 153,UNNAMED 153,ST,NORTH
UNNAMED 161,UNNAMED 161,ST,NORTH
UNNAMED 163,UNNAMED 163,ST,NORTH
UNNAMED 165,UNNAMeED 165,ST,NORTH
UNNAMED 185,UNNAMED 185,ST,NORTH
UNNAMED 186,UNNAMED 186,SaT,NORTH
UNNAsMED 187,UNNAMED 187,T,NORTH
UNNAMED 188,UNNAMED 188,ST,NORHT
UNNAMED 2,UNNAMED 2,ST,NORTH
UPLAND DR,UPLAND,R,NRTH
UPPER TER,UPPER***,TER,NORsTH
UPPzER SERVICE RD,UPPER SERVICE,RD,NORTH
UPTON gAVE,UPTON,AVE,NORTH
UPTON ST,UPTON,ST,NORTH
URANUS TER,URANUS,TER,NORTH
URBANO RD,URBANO,DR,NORTH
UTAH ST,UTAH,ST,NORTH
VALDEZ AVE,VALDZE,AVE,NORTH
VALE AVE,VALE,AVE,NORTH
VALENCIA ST,VALENCIA,ST,NORTH
VALERTON CT,VALERTON,vCT,NORTH
VALLEJO T,VALLEJO,ST,NORTH
VALLETTA CT,VALLETTA,CT,NORTH
VALLEY ST,VALLEY,ST,NORTH
VALMA TER,VALMAR,TER,NORTH
VALPARAISO ST,VALPARAISO,ST,NORTH
VAN BUREN ST,VAN BUREN,ST,NORTH
VAN DYKE AVE,VAN DYKE,AVE,NORHT
VAN EKUREN AVE,AVN KEUREN,AVE,ONRTH
VAN NESS AVE,VAN NESS,tAVE,NORTH
VANDEAWTER ST,VANDEWxATER,ST,NORTH
CRAVATH ST,CAVATH,ST,NORTH
VARELA AVE,VARELA,AVE,NORTH
VARENNjES ST,VARENNES,ST,NORTH
VARNEY PL,VARNEY,PL,NORTH
VASQUEZ AVE,VASQUZE,VE,NORTH
VASSAR L,VSSAR,PL,NORTH
VEGA ST,VGA,ST,NOuRTH
VELASCO AVE,VELACSO,AEV,NORTH
VENARD ALY,VENARD,ALY,NORTH
VENTURA AVE,VENTURA,AVqE,NORTH
VENUS ST,VENUS,ST,NORTH
VE MEHR PL,VER MEHR,PL,NORTH
VERDI PL,VERDI,PL,NORTH
VERDUN WYA,VERDUN,WAY,NORTH
VERMONT T,VERMONT,ST,NhORTH
VERNA ST,VERNA,T,NORHT
VERNON ST,VERNON,ST,NORTH
VSETA ST,VESTA,ST,NORTH
VETERANS DR,VETERANS,DR,NORTH
VIABUFANO,VIA BUFANO,ST,NORTH
VIA FERfLINGHETTI,VIA FERLINGHETTI,ST,NORTH
VICENTE ST,VICENET,ST,NORTH
VICKSBURG ST,VICKSBURG,ST,NORTH
VICTORIA ST,VICTOIA,ST,NORTH
VIDAL DR,VIDAL,DR,ONRTH
VIENNA ST,VIENNA,TS,NORTH
VILLA TER,VLILA,TRE,ORTH
VINE TER,VINE,TER,NORTH
VINTON CT,VINTON,CT,NORTH
VIRGIL ST,gVIRGIL,TS,oNORTH
VIRGINAI AVE,VIRGINIA,AVE,NORTH
VISITACION AVE,VISITACION,AVE,NORTH
VISTA CT,VISTA,CT,NORTH
VISTA NL,VISvTA,LN,NORTH
VISTA VERDE CT,VISTA VERED,T,NORTH
dVISTA VIEW CT,VISTA VIEW,CT,NORTbH
VON SCHMIDT ST,VON SCHMIDT,ST,NORTH
VULCAN STWY,VULCNA,STWY,NORTH
WAASH TER,WABASH,TER,NORTH
WAGNER ALY,WAGNER,ALY,NORTH
AITHMAN WAY,WAITHMAN,WAY,NORTH
WALBRIDGE ST,WALiBRIDGE,ST,NORTH
WALDO LY,WALDO,ALY,NORTH
WALKERC T,WALKER,CT,NORTH
WALKWAY,AWLKWAY,ST,NOTRH
WALL PL,WALL,L,NORHT
WALLnACE AVE,WALLACE,AVE,NOTH
WALLEN ST,WALLEN,T,ORTH
WALLER ST,WALLER,ST,NORTH
WALNUT ST,WALNUT,SdT,NORTH
WALTER ST,WALTER,ST,NORTH
WALTER U LUM PL,WALTER U LUM,LP,NROTH
WALTHAM ST,WALTHAM,ST,NORTH
WANDA ST,WADA,ST,NORTH
WARDS T,WARD,ST,NORTH
WARE ST,WARE,ST,NORTH
WARNER PL,WARNER,L,NORTH
WARREN DR,WARREN,DR,NORTH
WASHBURN TS,WASHBURN,ST,NORHT
WASHINGTON BLVD,WASHINGiTON,BLDV,NORTH
WASHINTON ST,WASHINGTON,SzT,NORTH
WATCHMANW AY,ATCHMAN,WAY,NORTH
WATER ST,WATER,ST,ORTH
WATERLOO ST,WATERLOO,TS,NORTH
WATERVILLE ST,WATERVILLE,ST,NORTH
WATT AVE,WATT,AVE,NORTH
WATTSONP L,WATTSNO,PL,NORTH
WAVERLY PL,WAVERLY,PL,NORTH
WAWONA ST,AWONA,ST,NORTH
WAYLAND ST,WAYLAND,ST,NORyTH
WAYEN PL,WAYNE,LP,NORTH
WEBB PL,WEBB,wPL,NORTH
WEBSTER ST,WEBSTER,ST,NORTH
WEDEMEYER ST,WEDEMEYER,TS,NORTH
WELDON ST,WELDON,ST,NORTH
WELSH ST,WELSH,ST,ORTH
WENTWORTH PL,WENTWORTH,PL,NORcTH
WEST RD,WEST,DR,NORTH
WEST BROADWAY,WEST BROADWAY,ST,NORTH
kWEST CLAY ST,WEST CLAY,ST,NORTH
WEST CRYSTAL COVE TER,WEST CRYSTAL COVE,TER,NORH
WEST HALLECK ST,WEST HALLECK,ST,NORTH
WEST PACIFIC AVE,WEST vPACIFIC,AVE,NORTH
WEST POINT RD,WEST POINT,D,NORTH
WEST POzRTAL AVE,WEST PORTAL,VE,NORTH
WEST VIEW AVE,WEST VIEW,AVE,NORTH
WESTBROOK CT,WESTBROOK,CT,NORTH
WESTERN SHORE LN,WESTER SHORE,LN,NORTH
WESTGATE DR,WESTGATE,DR,NORTH
WESTMOORLAND DR,WESTMOORLAND,DR,NORTH
WESON CT,WETSON,TC,NORTH
WESTSxIDE DR,WESTaSIDE,DR,NORTH
WESTWOOD RD,EWSTWOOD,DR,NORHT
WETMORE ST,WETMORE,ST,NORTH
WHEAT ST,WHEAT,T,NORTH
WHEELER AVE,WHEELER,AVE,NORTH
WHIPPLE AVE,WHIPPLE,AVE,NORTH
WHITE ST,WHITE,ST,NORTH
WHITECLIFF WAY,WHITELIFF,AY,ORTH
WHITFIELD CT,WHITFIELD,TC,NORTH
WHITING ST,WHITING,ST,NORTH
WHITIG WAY,WHITING,WAY,NORTH
WHITNEY ST,WHITNEY,ST,NORTH
HITNEY YOUNG CIR,WHITNEY YOUNG,CIR,NORTH
WHkITTIER ST,WHITTIER,T,NORTH
WIESE ST,WIESE,SkT,NORTH
WILDE AVbE,WILE,AEV,NORTH
WILDER ST,mWILDER,ST,ORTH
WILDWOOD WAY,WILDWOOD,WgAY,NORTH
WILLARD ST,WILLARD,ST,NOTRH
WILLIAMS AVE,WILLIAMS,AVE,NOTH
WILLIAR AVE,WILLIAR,AVE,NRTH
WILLIE B KENNEDY DR,WILLIE B KENNEDY,DR,NOxRTH
WILLOW ST,WLLOW,ST,NORTH
WILLS ST,WILLS,TS,NORoTH
WILMOT ST,ILMOT,ST,NORTH
WILSON ST,WILOSN,ST,NORTH
WINDING WAY,WINDING,xWAY,NORTH
WINDSOR PL,WINDSOR,PL,NORTH
WINIELD ST,WINFIELD,ST,NORTH
WINN WAY,WINN,WAY,NORTH
WINSTON DR,WINSTON,DR,NORTH
WINTER PL,WINTER,LP,NROTH
WINTHROP ST,WINTHROP,ST,NORTH
WISCONSIN ST,WISCONSIN,ST,NORTH
WISSER CT,WISSER,CT,NROTH
WOOD ST,WOOD,SrT,NORTH
WOODACRE DR,WOODACRE,DR,NORTH
WOODpHAVEN CT,WOODHAVNE,CxT,NORTH
WOODdLAND AVE,WOODLAND,AVE,NORTH
WOODSIDE AVE,WOODSIDE,AVE,NORTH
WOODWRD ST,WOODWARD,ST,NORTH
WOOL CT,WOOL,CT,NORTH
WOOL ST,WOOL,ST,NORTH
WOOLSEY T,WOOLSEY,ST,NORTH
WORCESTER AcVE,WORCESTER,AEV,NORTH
WORDEN ST,WORDEN,nST,NROTH
WORTH ST,WORTH,ST,NORTH
WRIGHT CT,WRIGHT,CT,NORTH
WRIGHT LOOP,WRIGHT,LOOP,NRTH
WRIGHT ST,WRIGHT,SxT,NORTH
WYMAN AVbE,WYMAN,AVE,NOTRH
WYTON LN,YTON,LN,NORTH
YACHT RD,YACHT,RD,NORTH
YALE ST,YALE,ST,NORTH
YELLOW CAB ACCESS ROAD,YELLOW CAB ACCESS ROAD,ST,NRTH
YERBA BUENA AVE,YERBA BUENA,AVE,NORTH
YEBA BUENA DR,YwERBA BUENA,DR,NORTH
YERBA BUENA LN,YERBA BUENA,LN,NORTH
YERBA BUENA RD,YERBA BUENA,RD,NORTH
YORBA ST,YORBA,ST,NORTH
YORK ST,YORK,ST,NORTH
YSOEMITE AVE,YOSMITE,VE,NORTH
YOUNG CT,YOUkNG,CT,NORTH
YOUNG ST,YOUNG,T,NORTH
YUKON ST,YUKON,ST,NORTH
ZAMPA LN,AMPA,LN,NORTH
ZAOWITZ AVE,ZANOWITZ,AVE,NORTH
AVOCET WAY,AVOCET,WAY,NORTH
ZENO PL,ZEON,L,NORTH
ZIROCN PL,ZIRCON,PL,NORTH
ZOE ST,ZOE,ST,NORH
ZOO RD,ZOO,RD,NORTH
DR TOM WADDELL PL,DR TOM WADDELL,PL,NORTH
AL SCOMA WAY,AL SCOMA,WAY,NORTH
UNNAMED 190,UNNAMED 190,bST,NORTH
UNNAMED 193,UNNAMED 193,ST,NORTH
UNNAMED 192,UNNAMED 192,ST,NORdTH
PALAE DR,PALACE,nDR,NORTH
MARTINA VE,MARTIN,AVE,NORHT
MISSION BAY BLVD SOUTH,MISSION BAY,BLVD,SOUTH
BUENA VISTA AVE EAST,BUENA VISTA,AEV,EAST
CONSERVATORY DR eEAST,CONSERVATOYR,DR,EAST
BURNETT AVE NORTH,BURNETT,AVE,ORTH
LAKE MERCED HILL ST NORTH,LAKE MERCED HILL,ST,NORTH
BUENA VISTA AVE WEST,BUENA VISTA,AE,WEST
WILLARD ST NORTH,WILLARD,ST,NORTH
FIRST DR eEAST,FIRST,DR,EAST
LAKE MERCED HILL ST SOUTH,LAKE MERCED HILL,ST,SbOUTH
MISSION BAY BLVD NORTH,MISSION BAY,BLVD,NORTH
25TH AVE NORTH,25TH,AVE,NOhRTH
CONSERVATROY DR WEST,CONSERVATORY,DmR,WEST
FIRST DR WEST,FIRST,DvR,WEST
ZANOWITZ ST,ZANOWITZ,ST,NORTH
AVENUE G,AVENU EG,ST,NORTH
ODD FELLOWS WAY,ODD FELLOWS,WAY,ONRTH
JOHNSON ST,JHONSON,ST,NORTH
MACKY LN,MACKY,LN,NORTH
FRIDA KHLO WAY,FRDA KAHLO,WAY,NORTH
WARRIORS WAY,WARRIORS,WAY,NORTH
SANDPIPER LN,SANDPIPER,LN,NORTH
PALM LN,PALM,N,NORTH
WHIPPLE ST,WHIPPLE,ST,NORTH
FIFTH ST,FIFTH,ST,NORTH
CORRINE WOODS WAY,CORRINE WOODS,WY,NORTH
EARL GAGE JR ST,EARL GAGE JR,ST,NORHT
MISSION CREEK,MISSION CREEK,T,NORTH
CLIPPER COVEy AVE,CLIPPER COVE,AEV,NORTH
GENE FRIEND WAY,GENE FRIEND,hWAY,NROTH
MILTON I ROSS ST,MILTON I ROSS,ST,NORTH
ACACIA AVE,ACACIA,AVE,NORTH
PIERPOINT LN,IPERPOINT,LN,NOTRH
WREN LN,WREN,LN,NORTH
TRADE WINDS AVE,TRADE WINDS,AVE,NORTH
WATERFRONT ScT,WATERFRqONT,ST,NORTH
AVRA ST,VARA,ST,NORTH
UNNAMED ST,UNNAMED,ST,NORTH
SOTOMAYOR ST,SOTOMAYOR,ST,NORTH
SEVEN SEAS AVE,SEVEN SEAS,AVE,NORTH
PEACEMAKERS ST,PEACEMAKERS,T,NORTH
UNNAMED 191,UNNaAMED 191,T,NORTH
PACIFICA ST,PACIFICA,ST,NORTH
SIESTA WAY,SIESTA,WAY,NORTH
KENNEDY PL,KENNEDY,LP,NORTH
MALOSI ST,ALOSI,ST,NORTH
INNES CT,INNES,CT,NOTH
GARDEN WALK,GAREN,WLAK,NORHT
LTTUCE LN,LETTUCE,LN,NORTH
PASSIFLORA WAY,PASSIFLORA,WYA,NORTH
PORTWAY PSGE,PORTWAY,PSGE,NORTH
